 * Serving Flask app 'app'
 * Debug mode: on
2026-04-16 08:13:02,348 - werkzeug - INFO - [31m[1mWARNING: This is a development server. Do not use it in a production deployment. Use a production WSGI server instead.[0m
 * Running on all addresses (0.0.0.0)
 * Running on http://127.0.0.1:5001
 * Running on http://10.20.0.103:5001
2026-04-16 08:13:02,348 - werkzeug - INFO - [33mPress CTRL+C to quit[0m
2026-04-16 08:13:02,349 - werkzeug - INFO -  * Restarting with stat
2026-04-16 08:13:03,168 - werkzeug - WARNING -  * Debugger is active!
2026-04-16 08:13:03,173 - werkzeug - INFO -  * Debugger PIN: 603-450-326
2026-04-16 08:13:23,629 - werkzeug - INFO - 127.0.0.1 - - [16/Apr/2026 08:13:23] "GET / HTTP/1.1" 200 -
2026-04-16 08:13:23,639 - werkzeug - INFO - 127.0.0.1 - - [16/Apr/2026 08:13:23] "GET /static/logo.png HTTP/1.1" 200 -
2026-04-16 08:13:23,984 - werkzeug - INFO - 127.0.0.1 - - [16/Apr/2026 08:13:23] "[33mGET /favicon.ico HTTP/1.1[0m" 404 -
2026-04-16 08:13:31,076 - __main__ - INFO - Archivo 'dea_championsys.xlsx' cargado. Columnas: ['empleado', 'costo_laboral', 'gastos_training', 'valor_horas_facturadas', 'satisfaccion_cliente']
2026-04-16 08:13:31,076 - werkzeug - INFO - 127.0.0.1 - - [16/Apr/2026 08:13:31] "[32mPOST / HTTP/1.1[0m" 302 -
2026-04-16 08:13:31,078 - werkzeug - INFO - 127.0.0.1 - - [16/Apr/2026 08:13:31] "GET /configure HTTP/1.1" 200 -
2026-04-16 08:13:31,100 - werkzeug - INFO - 127.0.0.1 - - [16/Apr/2026 08:13:31] "[36mGET /static/logo.png HTTP/1.1[0m" 304 -
2026-04-16 08:13:39,674 - __main__ - INFO - Iniciando análisis para el archivo: dea_championsys.xlsx con config: {'dmu_column': 'empleado', 'input_columns': ['costo_laboral', 'gastos_training'], 'output_columns': ['valor_horas_facturadas', 'satisfaccion_cliente'], 'undesirable_outputs': [], 'orientation': 'output', 'normalize': True, 'filename': 'dea_championsys.xlsx'}
2026-04-16 08:13:39,693 - __main__ - WARNING - Advertencia de Dimensionalidad: 11 DMUs, 2 inputs, 2 outputs. Se recomiendan al menos 12 DMUs. Resultados podrían no ser significativos.
2026-04-16 08:13:39,694 - __main__ - INFO - Columnas: DMU='empleado', Inputs=['costo_laboral', 'gastos_training'], Outputs=['valor_horas_facturadas', 'satisfaccion_cliente'], Undesirable=[]
/Users/alejandrogarro/dea_championsys/dea_logic.py:315: FutureWarning: DataFrame.applymap has been deprecated. Use DataFrame.map instead.
  inputs_df = inputs_df.applymap(lambda x: x if pd.isna(x) or x > 1e-9 else DEA_MIN_POSITIVE_VALUE)
/Users/alejandrogarro/dea_championsys/dea_logic.py:316: FutureWarning: DataFrame.applymap has been deprecated. Use DataFrame.map instead.
  outputs_df = outputs_df.applymap(lambda x: x if pd.isna(x) or x > 1e-9 else DEA_MIN_POSITIVE_VALUE)
2026-04-16 08:13:39,697 - dea_logic - INFO - Normalizando datos...
2026-04-16 08:13:39,698 - dea_logic - INFO - Columna 'costo_laboral' normalizada. Min: 0.0000, Max: 1.0000.
2026-04-16 08:13:39,698 - dea_logic - INFO - Columna 'gastos_training' normalizada. Min: 0.0000, Max: 1.0000.
2026-04-16 08:13:39,699 - dea_logic - INFO - Columna 'valor_horas_facturadas' normalizada. Min: 0.0000, Max: 1.0000.
2026-04-16 08:13:39,700 - dea_logic - INFO - Columna 'satisfaccion_cliente' normalizada. Min: 0.0000, Max: 1.0000.
2026-04-16 08:13:39,700 - dea_logic - INFO - Asegurando valores > 0 para el solver, usando 1e-05 como mínimo.
/Users/alejandrogarro/dea_championsys/dea_logic.py:221: FutureWarning: DataFrame.applymap has been deprecated. Use DataFrame.map instead.
  inputs_test_df = inputs_test_df.applymap(lambda x: x if pd.isna(x) or x > 1e-9 else DEA_MIN_POSITIVE_VALUE)
/Users/alejandrogarro/dea_championsys/dea_logic.py:222: FutureWarning: DataFrame.applymap has been deprecated. Use DataFrame.map instead.
  outputs_test_df = outputs_test_df.applymap(lambda x: x if pd.isna(x) or x > 1e-9 else DEA_MIN_POSITIVE_VALUE)
2026-04-16 08:13:40,245 - dea_logic - INFO - AutoModel: Mean SE = 0.3639, Std Dev SE = 0.5043
2026-04-16 08:13:40,246 - dea_logic - INFO - Datos para Pyfrontier.fit(): Orient=out, Frontier=VRS, Inputs shape (11, 2), Outputs shape (11, 2)
2026-04-16 08:13:40,501 - dea_logic - INFO - Tipo de raw_result_list_from_pyfrontier: <class 'list'>
2026-04-16 08:13:40,501 - dea_logic - INFO - Pyfrontier devolvió una lista con 11 elementos.
2026-04-16 08:13:40,501 - dea_logic - INFO - Atributos del primer elemento de la lista de resultados: {'id': 0, 'score': 1.0, 'is_efficient': False, 'has_slack': True, 'weights': [1.0, 0.0, -0.0, -0.0, 0.0, 0.0, 0.0, 0.0, 0.0, 0.0, 0.0], 'x_slack': [0.0, 2.0029254e-10], 'y_slack': [0.0, 3.6982103e-11]}
2026-04-16 08:13:40,501 - dea_logic - INFO - Scores obtenidos y procesados.
2026-04-16 08:13:40,504 - dea_logic - INFO - Análisis DEA y formateo de resultados completados.
2026-04-16 08:13:40,504 - __main__ - INFO - Análisis DEA completado. Modelo: BCC. Resultados (raw JSON) almacenados en sesión.
2026-04-16 08:13:40,505 - werkzeug - INFO - 127.0.0.1 - - [16/Apr/2026 08:13:40] "[32mPOST /analyze HTTP/1.1[0m" 302 -
/Users/alejandrogarro/dea_championsys/app.py:278: FutureWarning: Passing literal json to 'read_json' is deprecated and will be removed in a future version. To read from a literal string, wrap it in a 'StringIO' object.
  'scores_html': pd.read_json(raw_results_from_session['raw_scores_df_json'], orient='split').to_html(classes=table_classes, index=True, border=0, float_format='{:,.4f}'.format),
/Users/alejandrogarro/dea_championsys/app.py:279: FutureWarning: Passing literal json to 'read_json' is deprecated and will be removed in a future version. To read from a literal string, wrap it in a 'StringIO' object.
  'slacks_html': pd.read_json(raw_results_from_session['raw_slacks_df_json'], orient='split').to_html(classes=table_classes, index=True, border=0, float_format='{:,.4f}'.format),
/Users/alejandrogarro/dea_championsys/app.py:280: FutureWarning: Passing literal json to 'read_json' is deprecated and will be removed in a future version. To read from a literal string, wrap it in a 'StringIO' object.
  'targets_html': pd.read_json(raw_results_from_session['raw_targets_df_json'], orient='split').to_html(classes=table_classes, index=True, border=0, float_format='{:,.2f}'.format),
/Users/alejandrogarro/dea_championsys/app.py:281: FutureWarning: Passing literal json to 'read_json' is deprecated and will be removed in a future version. To read from a literal string, wrap it in a 'StringIO' object.
  'lambdas_html': pd.read_json(raw_results_from_session['raw_lambdas_df_json'], orient='split').to_html(classes=table_classes, index=True, border=0, float_format='{:,.4f}'.format),
/Users/alejandrogarro/dea_championsys/app.py:282: FutureWarning: Passing literal json to 'read_json' is deprecated and will be removed in a future version. To read from a literal string, wrap it in a 'StringIO' object.
  'original_inputs_html': pd.read_json(raw_results_from_session['raw_original_inputs_df_json'], orient='split').to_html(classes=table_classes, index=True, border=0, float_format='{:,.4f}'.format),
/Users/alejandrogarro/dea_championsys/app.py:283: FutureWarning: Passing literal json to 'read_json' is deprecated and will be removed in a future version. To read from a literal string, wrap it in a 'StringIO' object.
  'original_outputs_html': pd.read_json(raw_results_from_session['raw_original_outputs_df_json'], orient='split').to_html(classes=table_classes, index=True, border=0, float_format='{:,.4f}'.format),
2026-04-16 08:13:40,525 - werkzeug - INFO - 127.0.0.1 - - [16/Apr/2026 08:13:40] "GET /results HTTP/1.1" 200 -
2026-04-16 08:13:40,553 - werkzeug - INFO - 127.0.0.1 - - [16/Apr/2026 08:13:40] "[36mGET /static/logo.png HTTP/1.1[0m" 304 -
/Users/alejandrogarro/dea_championsys/app.py:305: FutureWarning: Passing literal json to 'read_json' is deprecated and will be removed in a future version. To read from a literal string, wrap it in a 'StringIO' object.
  scores_df = pd.read_json(dea_results_session_raw['raw_scores_df_json'], orient='split')
/Users/alejandrogarro/dea_championsys/app.py:306: FutureWarning: Passing literal json to 'read_json' is deprecated and will be removed in a future version. To read from a literal string, wrap it in a 'StringIO' object.
  inputs_df_graph = pd.read_json(dea_results_session_raw['raw_original_inputs_df_json'], orient='split')
/Users/alejandrogarro/dea_championsys/app.py:307: FutureWarning: Passing literal json to 'read_json' is deprecated and will be removed in a future version. To read from a literal string, wrap it in a 'StringIO' object.
  outputs_df_graph = pd.read_json(dea_results_session_raw['raw_original_outputs_df_json'], orient='split')
2026-04-16 08:13:43,457 - werkzeug - INFO - 127.0.0.1 - - [16/Apr/2026 08:13:43] "GET /graphs HTTP/1.1" 200 -
2026-04-16 08:13:43,469 - werkzeug - INFO - 127.0.0.1 - - [16/Apr/2026 08:13:43] "[36mGET /static/logo.png HTTP/1.1[0m" 304 -
/Users/alejandrogarro/dea_championsys/app.py:305: FutureWarning: Passing literal json to 'read_json' is deprecated and will be removed in a future version. To read from a literal string, wrap it in a 'StringIO' object.
  scores_df = pd.read_json(dea_results_session_raw['raw_scores_df_json'], orient='split')
/Users/alejandrogarro/dea_championsys/app.py:306: FutureWarning: Passing literal json to 'read_json' is deprecated and will be removed in a future version. To read from a literal string, wrap it in a 'StringIO' object.
  inputs_df_graph = pd.read_json(dea_results_session_raw['raw_original_inputs_df_json'], orient='split')
/Users/alejandrogarro/dea_championsys/app.py:307: FutureWarning: Passing literal json to 'read_json' is deprecated and will be removed in a future version. To read from a literal string, wrap it in a 'StringIO' object.
  outputs_df_graph = pd.read_json(dea_results_session_raw['raw_original_outputs_df_json'], orient='split')
/Users/alejandrogarro/dea_championsys/app.py:363: DeprecationWarning: 
Support for Kaleido versions less than 1.0.0 is deprecated and will be removed after September 2025.
Please upgrade Kaleido to version 1.0.0 or greater (`pip install 'kaleido>=1.0.0'` or `pip install 'plotly[kaleido]'`).

  pio.write_image(fig, graph_image_path, width=800, height=600, scale=1.5)
2026-04-16 08:13:53,545 - __main__ - INFO - Gráfica generada y guardada en: static/graph_images/graph_dea_championsys_costo_laboral_valor_horas_facturadas.png
/Users/alejandrogarro/dea_championsys/venv/lib/python3.9/site-packages/werkzeug/sansio/response.py:232: UserWarning: The 'session' cookie is too large: the value was 4640 bytes but the header required 26 extra bytes. The final size was 4666 bytes but the limit is 4093 bytes. Browsers may silently ignore cookies larger than this.
  dump_cookie(
2026-04-16 08:13:53,547 - werkzeug - INFO - 127.0.0.1 - - [16/Apr/2026 08:13:53] "POST /graphs HTTP/1.1" 200 -
2026-04-16 08:13:53,573 - werkzeug - INFO - 127.0.0.1 - - [16/Apr/2026 08:13:53] "[36mGET /static/logo.png HTTP/1.1[0m" 304 -
/Users/alejandrogarro/dea_championsys/app.py:305: FutureWarning: Passing literal json to 'read_json' is deprecated and will be removed in a future version. To read from a literal string, wrap it in a 'StringIO' object.
  scores_df = pd.read_json(dea_results_session_raw['raw_scores_df_json'], orient='split')
/Users/alejandrogarro/dea_championsys/app.py:306: FutureWarning: Passing literal json to 'read_json' is deprecated and will be removed in a future version. To read from a literal string, wrap it in a 'StringIO' object.
  inputs_df_graph = pd.read_json(dea_results_session_raw['raw_original_inputs_df_json'], orient='split')
/Users/alejandrogarro/dea_championsys/app.py:307: FutureWarning: Passing literal json to 'read_json' is deprecated and will be removed in a future version. To read from a literal string, wrap it in a 'StringIO' object.
  outputs_df_graph = pd.read_json(dea_results_session_raw['raw_original_outputs_df_json'], orient='split')
/Users/alejandrogarro/dea_championsys/app.py:363: DeprecationWarning: 
Support for Kaleido versions less than 1.0.0 is deprecated and will be removed after September 2025.
Please upgrade Kaleido to version 1.0.0 or greater (`pip install 'kaleido>=1.0.0'` or `pip install 'plotly[kaleido]'`).

  pio.write_image(fig, graph_image_path, width=800, height=600, scale=1.5)
2026-04-16 08:14:07,773 - __main__ - INFO - Gráfica generada y guardada en: static/graph_images/graph_dea_championsys_gastos_training_valor_horas_facturadas.png
/Users/alejandrogarro/dea_championsys/venv/lib/python3.9/site-packages/werkzeug/sansio/response.py:232: UserWarning: The 'session' cookie is too large: the value was 4610 bytes but the header required 26 extra bytes. The final size was 4636 bytes but the limit is 4093 bytes. Browsers may silently ignore cookies larger than this.
  dump_cookie(
2026-04-16 08:14:07,773 - werkzeug - INFO - 127.0.0.1 - - [16/Apr/2026 08:14:07] "POST /graphs HTTP/1.1" 200 -
2026-04-16 08:14:07,785 - werkzeug - INFO - 127.0.0.1 - - [16/Apr/2026 08:14:07] "[36mGET /static/logo.png HTTP/1.1[0m" 304 -
/Users/alejandrogarro/dea_championsys/app.py:305: FutureWarning: Passing literal json to 'read_json' is deprecated and will be removed in a future version. To read from a literal string, wrap it in a 'StringIO' object.
  scores_df = pd.read_json(dea_results_session_raw['raw_scores_df_json'], orient='split')
/Users/alejandrogarro/dea_championsys/app.py:306: FutureWarning: Passing literal json to 'read_json' is deprecated and will be removed in a future version. To read from a literal string, wrap it in a 'StringIO' object.
  inputs_df_graph = pd.read_json(dea_results_session_raw['raw_original_inputs_df_json'], orient='split')
/Users/alejandrogarro/dea_championsys/app.py:307: FutureWarning: Passing literal json to 'read_json' is deprecated and will be removed in a future version. To read from a literal string, wrap it in a 'StringIO' object.
  outputs_df_graph = pd.read_json(dea_results_session_raw['raw_original_outputs_df_json'], orient='split')
/Users/alejandrogarro/dea_championsys/app.py:363: DeprecationWarning: 
Support for Kaleido versions less than 1.0.0 is deprecated and will be removed after September 2025.
Please upgrade Kaleido to version 1.0.0 or greater (`pip install 'kaleido>=1.0.0'` or `pip install 'plotly[kaleido]'`).

  pio.write_image(fig, graph_image_path, width=800, height=600, scale=1.5)
2026-04-16 08:14:18,328 - __main__ - INFO - Gráfica generada y guardada en: static/graph_images/graph_dea_championsys_gastos_training_satisfaccion_cliente.png
/Users/alejandrogarro/dea_championsys/venv/lib/python3.9/site-packages/werkzeug/sansio/response.py:232: UserWarning: The 'session' cookie is too large: the value was 4606 bytes but the header required 26 extra bytes. The final size was 4632 bytes but the limit is 4093 bytes. Browsers may silently ignore cookies larger than this.
  dump_cookie(
2026-04-16 08:14:18,329 - werkzeug - INFO - 127.0.0.1 - - [16/Apr/2026 08:14:18] "POST /graphs HTTP/1.1" 200 -
2026-04-16 08:14:18,344 - werkzeug - INFO - 127.0.0.1 - - [16/Apr/2026 08:14:18] "[36mGET /static/logo.png HTTP/1.1[0m" 304 -
/Users/alejandrogarro/dea_championsys/app.py:305: FutureWarning: Passing literal json to 'read_json' is deprecated and will be removed in a future version. To read from a literal string, wrap it in a 'StringIO' object.
  scores_df = pd.read_json(dea_results_session_raw['raw_scores_df_json'], orient='split')
/Users/alejandrogarro/dea_championsys/app.py:306: FutureWarning: Passing literal json to 'read_json' is deprecated and will be removed in a future version. To read from a literal string, wrap it in a 'StringIO' object.
  inputs_df_graph = pd.read_json(dea_results_session_raw['raw_original_inputs_df_json'], orient='split')
/Users/alejandrogarro/dea_championsys/app.py:307: FutureWarning: Passing literal json to 'read_json' is deprecated and will be removed in a future version. To read from a literal string, wrap it in a 'StringIO' object.
  outputs_df_graph = pd.read_json(dea_results_session_raw['raw_original_outputs_df_json'], orient='split')
/Users/alejandrogarro/dea_championsys/app.py:363: DeprecationWarning: 
Support for Kaleido versions less than 1.0.0 is deprecated and will be removed after September 2025.
Please upgrade Kaleido to version 1.0.0 or greater (`pip install 'kaleido>=1.0.0'` or `pip install 'plotly[kaleido]'`).

  pio.write_image(fig, graph_image_path, width=800, height=600, scale=1.5)
2026-04-16 08:14:29,204 - __main__ - INFO - Gráfica generada y guardada en: static/graph_images/graph_dea_championsys_costo_laboral_satisfaccion_cliente.png
/Users/alejandrogarro/dea_championsys/venv/lib/python3.9/site-packages/werkzeug/sansio/response.py:232: UserWarning: The 'session' cookie is too large: the value was 4648 bytes but the header required 26 extra bytes. The final size was 4674 bytes but the limit is 4093 bytes. Browsers may silently ignore cookies larger than this.
  dump_cookie(
2026-04-16 08:14:29,205 - werkzeug - INFO - 127.0.0.1 - - [16/Apr/2026 08:14:29] "POST /graphs HTTP/1.1" 200 -
2026-04-16 08:14:29,215 - werkzeug - INFO - 127.0.0.1 - - [16/Apr/2026 08:14:29] "[36mGET /static/logo.png HTTP/1.1[0m" 304 -
2026-04-16 08:15:10,460 - __main__ - INFO - Sesión limpiada.
2026-04-16 08:15:10,462 - werkzeug - INFO - 127.0.0.1 - - [16/Apr/2026 08:15:10] "[32mGET /clear_session HTTP/1.1[0m" 302 -
2026-04-16 08:15:10,466 - werkzeug - INFO - 127.0.0.1 - - [16/Apr/2026 08:15:10] "GET / HTTP/1.1" 200 -
2026-04-16 08:15:10,481 - werkzeug - INFO - 127.0.0.1 - - [16/Apr/2026 08:15:10] "[36mGET /static/logo.png HTTP/1.1[0m" 304 -
2026-04-16 08:59:24,523 - __main__ - INFO - Archivo 'frontera_empleados_2026_05.csv' cargado. Columnas: ['mes', 'id_empleado', 'nombre', 'rol', 'equipo', 'Costo_laboral_mensual_usd', 'Horas_trabajadas', 'Seniority_index', 'Horas_capacitacion', 'Costo_licencias_asociadas', 'Story_points_entregados', 'Incidentes_resueltos', 'Releases_exitosos', 'Satisfaccion_cliente', 'Calidad_codigo', 'Mentorias_realizadas']
2026-04-16 08:59:24,525 - werkzeug - INFO - 127.0.0.1 - - [16/Apr/2026 08:59:24] "[32mPOST / HTTP/1.1[0m" 302 -
2026-04-16 08:59:24,530 - werkzeug - INFO - 127.0.0.1 - - [16/Apr/2026 08:59:24] "GET /configure HTTP/1.1" 200 -
2026-04-16 08:59:24,553 - werkzeug - INFO - 127.0.0.1 - - [16/Apr/2026 08:59:24] "[36mGET /static/logo.png HTTP/1.1[0m" 304 -
2026-04-16 09:00:16,300 - __main__ - INFO - Iniciando análisis para el archivo: frontera_empleados_2026_05.csv con config: {'dmu_column': 'nombre', 'input_columns': ['Costo_laboral_mensual_usd', 'Horas_capacitacion', 'Costo_licencias_asociadas'], 'output_columns': ['Story_points_entregados', 'Incidentes_resueltos', 'Satisfaccion_cliente'], 'undesirable_outputs': [], 'orientation': 'input', 'normalize': True, 'filename': 'frontera_empleados_2026_05.csv'}
2026-04-16 09:00:16,307 - __main__ - INFO - Columnas: DMU='nombre', Inputs=['Costo_laboral_mensual_usd', 'Horas_capacitacion', 'Costo_licencias_asociadas'], Outputs=['Story_points_entregados', 'Incidentes_resueltos', 'Satisfaccion_cliente'], Undesirable=[]
/Users/alejandrogarro/dea_championsys/dea_logic.py:315: FutureWarning: DataFrame.applymap has been deprecated. Use DataFrame.map instead.
  inputs_df = inputs_df.applymap(lambda x: x if pd.isna(x) or x > 1e-9 else DEA_MIN_POSITIVE_VALUE)
/Users/alejandrogarro/dea_championsys/dea_logic.py:316: FutureWarning: DataFrame.applymap has been deprecated. Use DataFrame.map instead.
  outputs_df = outputs_df.applymap(lambda x: x if pd.isna(x) or x > 1e-9 else DEA_MIN_POSITIVE_VALUE)
2026-04-16 09:00:16,310 - dea_logic - INFO - Normalizando datos...
2026-04-16 09:00:16,313 - dea_logic - INFO - Columna 'Costo_laboral_mensual_usd' normalizada. Min: 0.0000, Max: 1.0000.
2026-04-16 09:00:16,314 - dea_logic - INFO - Columna 'Horas_capacitacion' normalizada. Min: 0.0000, Max: 1.0000.
2026-04-16 09:00:16,315 - dea_logic - INFO - Columna 'Costo_licencias_asociadas' normalizada. Min: 0.0000, Max: 1.0000.
2026-04-16 09:00:16,316 - dea_logic - INFO - Columna 'Story_points_entregados' normalizada. Min: 0.0000, Max: 1.0000.
2026-04-16 09:00:16,317 - dea_logic - INFO - Columna 'Incidentes_resueltos' normalizada. Min: 0.0000, Max: 1.0000.
2026-04-16 09:00:16,318 - dea_logic - INFO - Columna 'Satisfaccion_cliente' normalizada. Min: 0.0000, Max: 1.0000.
2026-04-16 09:00:16,318 - dea_logic - INFO - Asegurando valores > 0 para el solver, usando 1e-05 como mínimo.
/Users/alejandrogarro/dea_championsys/dea_logic.py:221: FutureWarning: DataFrame.applymap has been deprecated. Use DataFrame.map instead.
  inputs_test_df = inputs_test_df.applymap(lambda x: x if pd.isna(x) or x > 1e-9 else DEA_MIN_POSITIVE_VALUE)
/Users/alejandrogarro/dea_championsys/dea_logic.py:222: FutureWarning: DataFrame.applymap has been deprecated. Use DataFrame.map instead.
  outputs_test_df = outputs_test_df.applymap(lambda x: x if pd.isna(x) or x > 1e-9 else DEA_MIN_POSITIVE_VALUE)
2026-04-16 09:00:18,181 - dea_logic - INFO - AutoModel: Mean SE = 0.8191, Std Dev SE = 0.1720
2026-04-16 09:00:18,181 - dea_logic - INFO - Datos para Pyfrontier.fit(): Orient=in, Frontier=VRS, Inputs shape (25, 3), Outputs shape (25, 3)
2026-04-16 09:00:18,790 - dea_logic - INFO - Tipo de raw_result_list_from_pyfrontier: <class 'list'>
2026-04-16 09:00:18,790 - dea_logic - INFO - Pyfrontier devolvió una lista con 25 elementos.
2026-04-16 09:00:18,790 - dea_logic - INFO - Atributos del primer elemento de la lista de resultados: {'id': 0, 'score': 0.826761, 'is_efficient': False, 'has_slack': True, 'weights': [0.0, 0.0, 0.0, 0.0, 0.0, 0.0, 0.0, 0.0, 0.0, 0.725312, 0.0, 0.0, 0.0, 0.0, 0.0, 0.0, 0.0, 0.0, 0.0, 0.0, 0.0, 0.175935, 0.0, 0.098753, 0.0], 'x_slack': [0.094103781, 4.6132806e-08, 0.0], 'y_slack': [0.82334604, 0.16548702, 0.0]}
2026-04-16 09:00:18,790 - dea_logic - INFO - Scores obtenidos y procesados.
2026-04-16 09:00:18,793 - dea_logic - INFO - Análisis DEA y formateo de resultados completados.
2026-04-16 09:00:18,794 - __main__ - INFO - Análisis DEA completado. Modelo: BCC. Resultados (raw JSON) almacenados en sesión.
2026-04-16 09:00:18,795 - werkzeug - INFO - 127.0.0.1 - - [16/Apr/2026 09:00:18] "[32mPOST /analyze HTTP/1.1[0m" 302 -
/Users/alejandrogarro/dea_championsys/app.py:278: FutureWarning: Passing literal json to 'read_json' is deprecated and will be removed in a future version. To read from a literal string, wrap it in a 'StringIO' object.
  'scores_html': pd.read_json(raw_results_from_session['raw_scores_df_json'], orient='split').to_html(classes=table_classes, index=True, border=0, float_format='{:,.4f}'.format),
/Users/alejandrogarro/dea_championsys/app.py:279: FutureWarning: Passing literal json to 'read_json' is deprecated and will be removed in a future version. To read from a literal string, wrap it in a 'StringIO' object.
  'slacks_html': pd.read_json(raw_results_from_session['raw_slacks_df_json'], orient='split').to_html(classes=table_classes, index=True, border=0, float_format='{:,.4f}'.format),
/Users/alejandrogarro/dea_championsys/app.py:280: FutureWarning: Passing literal json to 'read_json' is deprecated and will be removed in a future version. To read from a literal string, wrap it in a 'StringIO' object.
  'targets_html': pd.read_json(raw_results_from_session['raw_targets_df_json'], orient='split').to_html(classes=table_classes, index=True, border=0, float_format='{:,.2f}'.format),
/Users/alejandrogarro/dea_championsys/app.py:281: FutureWarning: Passing literal json to 'read_json' is deprecated and will be removed in a future version. To read from a literal string, wrap it in a 'StringIO' object.
  'lambdas_html': pd.read_json(raw_results_from_session['raw_lambdas_df_json'], orient='split').to_html(classes=table_classes, index=True, border=0, float_format='{:,.4f}'.format),
/Users/alejandrogarro/dea_championsys/app.py:282: FutureWarning: Passing literal json to 'read_json' is deprecated and will be removed in a future version. To read from a literal string, wrap it in a 'StringIO' object.
  'original_inputs_html': pd.read_json(raw_results_from_session['raw_original_inputs_df_json'], orient='split').to_html(classes=table_classes, index=True, border=0, float_format='{:,.4f}'.format),
/Users/alejandrogarro/dea_championsys/app.py:283: FutureWarning: Passing literal json to 'read_json' is deprecated and will be removed in a future version. To read from a literal string, wrap it in a 'StringIO' object.
  'original_outputs_html': pd.read_json(raw_results_from_session['raw_original_outputs_df_json'], orient='split').to_html(classes=table_classes, index=True, border=0, float_format='{:,.4f}'.format),
2026-04-16 09:00:18,812 - werkzeug - INFO - 127.0.0.1 - - [16/Apr/2026 09:00:18] "GET /results HTTP/1.1" 200 -
2026-04-16 09:00:18,837 - werkzeug - INFO - 127.0.0.1 - - [16/Apr/2026 09:00:18] "[36mGET /static/logo.png HTTP/1.1[0m" 304 -
/Users/alejandrogarro/dea_championsys/app.py:305: FutureWarning: Passing literal json to 'read_json' is deprecated and will be removed in a future version. To read from a literal string, wrap it in a 'StringIO' object.
  scores_df = pd.read_json(dea_results_session_raw['raw_scores_df_json'], orient='split')
/Users/alejandrogarro/dea_championsys/app.py:306: FutureWarning: Passing literal json to 'read_json' is deprecated and will be removed in a future version. To read from a literal string, wrap it in a 'StringIO' object.
  inputs_df_graph = pd.read_json(dea_results_session_raw['raw_original_inputs_df_json'], orient='split')
/Users/alejandrogarro/dea_championsys/app.py:307: FutureWarning: Passing literal json to 'read_json' is deprecated and will be removed in a future version. To read from a literal string, wrap it in a 'StringIO' object.
  outputs_df_graph = pd.read_json(dea_results_session_raw['raw_original_outputs_df_json'], orient='split')
2026-04-16 09:00:36,724 - werkzeug - INFO - 127.0.0.1 - - [16/Apr/2026 09:00:36] "GET /graphs HTTP/1.1" 200 -
2026-04-16 09:00:36,738 - werkzeug - INFO - 127.0.0.1 - - [16/Apr/2026 09:00:36] "[36mGET /static/logo.png HTTP/1.1[0m" 304 -
/Users/alejandrogarro/dea_championsys/app.py:305: FutureWarning: Passing literal json to 'read_json' is deprecated and will be removed in a future version. To read from a literal string, wrap it in a 'StringIO' object.
  scores_df = pd.read_json(dea_results_session_raw['raw_scores_df_json'], orient='split')
/Users/alejandrogarro/dea_championsys/app.py:306: FutureWarning: Passing literal json to 'read_json' is deprecated and will be removed in a future version. To read from a literal string, wrap it in a 'StringIO' object.
  inputs_df_graph = pd.read_json(dea_results_session_raw['raw_original_inputs_df_json'], orient='split')
/Users/alejandrogarro/dea_championsys/app.py:307: FutureWarning: Passing literal json to 'read_json' is deprecated and will be removed in a future version. To read from a literal string, wrap it in a 'StringIO' object.
  outputs_df_graph = pd.read_json(dea_results_session_raw['raw_original_outputs_df_json'], orient='split')
/Users/alejandrogarro/dea_championsys/app.py:363: DeprecationWarning: 
Support for Kaleido versions less than 1.0.0 is deprecated and will be removed after September 2025.
Please upgrade Kaleido to version 1.0.0 or greater (`pip install 'kaleido>=1.0.0'` or `pip install 'plotly[kaleido]'`).

  pio.write_image(fig, graph_image_path, width=800, height=600, scale=1.5)
2026-04-16 09:00:45,540 - __main__ - INFO - Gráfica generada y guardada en: static/graph_images/graph_frontera_empleados_2026_05_Costo_laboral_mensual_usd_Story_points_entregados.png
/Users/alejandrogarro/dea_championsys/venv/lib/python3.9/site-packages/werkzeug/sansio/response.py:232: UserWarning: The 'session' cookie is too large: the value was 7107 bytes but the header required 26 extra bytes. The final size was 7133 bytes but the limit is 4093 bytes. Browsers may silently ignore cookies larger than this.
  dump_cookie(
2026-04-16 09:00:45,541 - werkzeug - INFO - 127.0.0.1 - - [16/Apr/2026 09:00:45] "POST /graphs HTTP/1.1" 200 -
2026-04-16 09:00:45,565 - werkzeug - INFO - 127.0.0.1 - - [16/Apr/2026 09:00:45] "[36mGET /static/logo.png HTTP/1.1[0m" 304 -
/Users/alejandrogarro/dea_championsys/app.py:305: FutureWarning: Passing literal json to 'read_json' is deprecated and will be removed in a future version. To read from a literal string, wrap it in a 'StringIO' object.
  scores_df = pd.read_json(dea_results_session_raw['raw_scores_df_json'], orient='split')
/Users/alejandrogarro/dea_championsys/app.py:306: FutureWarning: Passing literal json to 'read_json' is deprecated and will be removed in a future version. To read from a literal string, wrap it in a 'StringIO' object.
  inputs_df_graph = pd.read_json(dea_results_session_raw['raw_original_inputs_df_json'], orient='split')
/Users/alejandrogarro/dea_championsys/app.py:307: FutureWarning: Passing literal json to 'read_json' is deprecated and will be removed in a future version. To read from a literal string, wrap it in a 'StringIO' object.
  outputs_df_graph = pd.read_json(dea_results_session_raw['raw_original_outputs_df_json'], orient='split')
/Users/alejandrogarro/dea_championsys/app.py:363: DeprecationWarning: 
Support for Kaleido versions less than 1.0.0 is deprecated and will be removed after September 2025.
Please upgrade Kaleido to version 1.0.0 or greater (`pip install 'kaleido>=1.0.0'` or `pip install 'plotly[kaleido]'`).

  pio.write_image(fig, graph_image_path, width=800, height=600, scale=1.5)
2026-04-16 09:01:22,501 - __main__ - INFO - Gráfica generada y guardada en: static/graph_images/graph_frontera_empleados_2026_05_Costo_licencias_asociadas_Story_points_entregados.png
/Users/alejandrogarro/dea_championsys/venv/lib/python3.9/site-packages/werkzeug/sansio/response.py:232: UserWarning: The 'session' cookie is too large: the value was 7099 bytes but the header required 26 extra bytes. The final size was 7125 bytes but the limit is 4093 bytes. Browsers may silently ignore cookies larger than this.
  dump_cookie(
2026-04-16 09:01:22,502 - werkzeug - INFO - 127.0.0.1 - - [16/Apr/2026 09:01:22] "POST /graphs HTTP/1.1" 200 -
2026-04-16 09:01:22,512 - werkzeug - INFO - 127.0.0.1 - - [16/Apr/2026 09:01:22] "[36mGET /static/logo.png HTTP/1.1[0m" 304 -
/Users/alejandrogarro/dea_championsys/app.py:305: FutureWarning: Passing literal json to 'read_json' is deprecated and will be removed in a future version. To read from a literal string, wrap it in a 'StringIO' object.
  scores_df = pd.read_json(dea_results_session_raw['raw_scores_df_json'], orient='split')
/Users/alejandrogarro/dea_championsys/app.py:306: FutureWarning: Passing literal json to 'read_json' is deprecated and will be removed in a future version. To read from a literal string, wrap it in a 'StringIO' object.
  inputs_df_graph = pd.read_json(dea_results_session_raw['raw_original_inputs_df_json'], orient='split')
/Users/alejandrogarro/dea_championsys/app.py:307: FutureWarning: Passing literal json to 'read_json' is deprecated and will be removed in a future version. To read from a literal string, wrap it in a 'StringIO' object.
  outputs_df_graph = pd.read_json(dea_results_session_raw['raw_original_outputs_df_json'], orient='split')
/Users/alejandrogarro/dea_championsys/app.py:363: DeprecationWarning: 
Support for Kaleido versions less than 1.0.0 is deprecated and will be removed after September 2025.
Please upgrade Kaleido to version 1.0.0 or greater (`pip install 'kaleido>=1.0.0'` or `pip install 'plotly[kaleido]'`).

  pio.write_image(fig, graph_image_path, width=800, height=600, scale=1.5)
2026-04-16 09:01:36,096 - __main__ - INFO - Gráfica generada y guardada en: static/graph_images/graph_frontera_empleados_2026_05_Costo_laboral_mensual_usd_Incidentes_resueltos.png
/Users/alejandrogarro/dea_championsys/venv/lib/python3.9/site-packages/werkzeug/sansio/response.py:232: UserWarning: The 'session' cookie is too large: the value was 7106 bytes but the header required 26 extra bytes. The final size was 7132 bytes but the limit is 4093 bytes. Browsers may silently ignore cookies larger than this.
  dump_cookie(
2026-04-16 09:01:36,097 - werkzeug - INFO - 127.0.0.1 - - [16/Apr/2026 09:01:36] "POST /graphs HTTP/1.1" 200 -
2026-04-16 09:01:36,114 - werkzeug - INFO - 127.0.0.1 - - [16/Apr/2026 09:01:36] "[36mGET /static/logo.png HTTP/1.1[0m" 304 -
/Users/alejandrogarro/dea_championsys/app.py:305: FutureWarning: Passing literal json to 'read_json' is deprecated and will be removed in a future version. To read from a literal string, wrap it in a 'StringIO' object.
  scores_df = pd.read_json(dea_results_session_raw['raw_scores_df_json'], orient='split')
/Users/alejandrogarro/dea_championsys/app.py:306: FutureWarning: Passing literal json to 'read_json' is deprecated and will be removed in a future version. To read from a literal string, wrap it in a 'StringIO' object.
  inputs_df_graph = pd.read_json(dea_results_session_raw['raw_original_inputs_df_json'], orient='split')
/Users/alejandrogarro/dea_championsys/app.py:307: FutureWarning: Passing literal json to 'read_json' is deprecated and will be removed in a future version. To read from a literal string, wrap it in a 'StringIO' object.
  outputs_df_graph = pd.read_json(dea_results_session_raw['raw_original_outputs_df_json'], orient='split')
/Users/alejandrogarro/dea_championsys/app.py:363: DeprecationWarning: 
Support for Kaleido versions less than 1.0.0 is deprecated and will be removed after September 2025.
Please upgrade Kaleido to version 1.0.0 or greater (`pip install 'kaleido>=1.0.0'` or `pip install 'plotly[kaleido]'`).

  pio.write_image(fig, graph_image_path, width=800, height=600, scale=1.5)
2026-04-16 09:01:44,751 - __main__ - INFO - Gráfica generada y guardada en: static/graph_images/graph_frontera_empleados_2026_05_Costo_laboral_mensual_usd_Satisfaccion_cliente.png
/Users/alejandrogarro/dea_championsys/venv/lib/python3.9/site-packages/werkzeug/sansio/response.py:232: UserWarning: The 'session' cookie is too large: the value was 7248 bytes but the header required 26 extra bytes. The final size was 7274 bytes but the limit is 4093 bytes. Browsers may silently ignore cookies larger than this.
  dump_cookie(
2026-04-16 09:01:44,752 - werkzeug - INFO - 127.0.0.1 - - [16/Apr/2026 09:01:44] "POST /graphs HTTP/1.1" 200 -
2026-04-16 09:01:44,762 - werkzeug - INFO - 127.0.0.1 - - [16/Apr/2026 09:01:44] "[36mGET /static/logo.png HTTP/1.1[0m" 304 -
/Users/alejandrogarro/dea_championsys/app.py:305: FutureWarning: Passing literal json to 'read_json' is deprecated and will be removed in a future version. To read from a literal string, wrap it in a 'StringIO' object.
  scores_df = pd.read_json(dea_results_session_raw['raw_scores_df_json'], orient='split')
/Users/alejandrogarro/dea_championsys/app.py:306: FutureWarning: Passing literal json to 'read_json' is deprecated and will be removed in a future version. To read from a literal string, wrap it in a 'StringIO' object.
  inputs_df_graph = pd.read_json(dea_results_session_raw['raw_original_inputs_df_json'], orient='split')
/Users/alejandrogarro/dea_championsys/app.py:307: FutureWarning: Passing literal json to 'read_json' is deprecated and will be removed in a future version. To read from a literal string, wrap it in a 'StringIO' object.
  outputs_df_graph = pd.read_json(dea_results_session_raw['raw_original_outputs_df_json'], orient='split')
/Users/alejandrogarro/dea_championsys/app.py:363: DeprecationWarning: 
Support for Kaleido versions less than 1.0.0 is deprecated and will be removed after September 2025.
Please upgrade Kaleido to version 1.0.0 or greater (`pip install 'kaleido>=1.0.0'` or `pip install 'plotly[kaleido]'`).

  pio.write_image(fig, graph_image_path, width=800, height=600, scale=1.5)
2026-04-16 09:02:02,806 - __main__ - INFO - Gráfica generada y guardada en: static/graph_images/graph_frontera_empleados_2026_05_Costo_licencias_asociadas_Satisfaccion_cliente.png
/Users/alejandrogarro/dea_championsys/venv/lib/python3.9/site-packages/werkzeug/sansio/response.py:232: UserWarning: The 'session' cookie is too large: the value was 7247 bytes but the header required 26 extra bytes. The final size was 7273 bytes but the limit is 4093 bytes. Browsers may silently ignore cookies larger than this.
  dump_cookie(
2026-04-16 09:02:02,807 - werkzeug - INFO - 127.0.0.1 - - [16/Apr/2026 09:02:02] "POST /graphs HTTP/1.1" 200 -
2026-04-16 09:02:02,820 - werkzeug - INFO - 127.0.0.1 - - [16/Apr/2026 09:02:02] "[36mGET /static/logo.png HTTP/1.1[0m" 304 -
/Users/alejandrogarro/dea_championsys/app.py:305: FutureWarning: Passing literal json to 'read_json' is deprecated and will be removed in a future version. To read from a literal string, wrap it in a 'StringIO' object.
  scores_df = pd.read_json(dea_results_session_raw['raw_scores_df_json'], orient='split')
/Users/alejandrogarro/dea_championsys/app.py:306: FutureWarning: Passing literal json to 'read_json' is deprecated and will be removed in a future version. To read from a literal string, wrap it in a 'StringIO' object.
  inputs_df_graph = pd.read_json(dea_results_session_raw['raw_original_inputs_df_json'], orient='split')
/Users/alejandrogarro/dea_championsys/app.py:307: FutureWarning: Passing literal json to 'read_json' is deprecated and will be removed in a future version. To read from a literal string, wrap it in a 'StringIO' object.
  outputs_df_graph = pd.read_json(dea_results_session_raw['raw_original_outputs_df_json'], orient='split')
/Users/alejandrogarro/dea_championsys/app.py:363: DeprecationWarning: 
Support for Kaleido versions less than 1.0.0 is deprecated and will be removed after September 2025.
Please upgrade Kaleido to version 1.0.0 or greater (`pip install 'kaleido>=1.0.0'` or `pip install 'plotly[kaleido]'`).

  pio.write_image(fig, graph_image_path, width=800, height=600, scale=1.5)
2026-04-16 09:02:07,919 - __main__ - INFO - Gráfica generada y guardada en: static/graph_images/graph_frontera_empleados_2026_05_Costo_licencias_asociadas_Story_points_entregados.png
/Users/alejandrogarro/dea_championsys/venv/lib/python3.9/site-packages/werkzeug/sansio/response.py:232: UserWarning: The 'session' cookie is too large: the value was 7099 bytes but the header required 26 extra bytes. The final size was 7125 bytes but the limit is 4093 bytes. Browsers may silently ignore cookies larger than this.
  dump_cookie(
2026-04-16 09:02:07,920 - werkzeug - INFO - 127.0.0.1 - - [16/Apr/2026 09:02:07] "POST /graphs HTTP/1.1" 200 -
2026-04-16 09:02:07,930 - werkzeug - INFO - 127.0.0.1 - - [16/Apr/2026 09:02:07] "[36mGET /static/logo.png HTTP/1.1[0m" 304 -
2026-04-16 09:02:20,613 - __main__ - INFO - Sesión limpiada.
2026-04-16 09:02:20,614 - werkzeug - INFO - 127.0.0.1 - - [16/Apr/2026 09:02:20] "[32mGET /clear_session HTTP/1.1[0m" 302 -
2026-04-16 09:02:20,618 - werkzeug - INFO - 127.0.0.1 - - [16/Apr/2026 09:02:20] "GET / HTTP/1.1" 200 -
2026-04-16 09:02:20,632 - werkzeug - INFO - 127.0.0.1 - - [16/Apr/2026 09:02:20] "[36mGET /static/logo.png HTTP/1.1[0m" 304 -
2026-04-16 09:04:50,014 - werkzeug - INFO - 127.0.0.1 - - [16/Apr/2026 09:04:50] "GET / HTTP/1.1" 200 -
2026-04-16 09:04:50,029 - werkzeug - INFO - 127.0.0.1 - - [16/Apr/2026 09:04:50] "[36mGET /static/logo.png HTTP/1.1[0m" 304 -
2026-04-16 09:04:58,430 - __main__ - INFO - Archivo 'dea_empleados.csv' cargado. Columnas: ['mes', 'id_empleado', 'nombre', 'rol', 'equipo', 'Costo_laboral_mensual_usd', 'Horas_trabajadas', 'Seniority_index', 'Horas_capacitacion', 'Costo_licencias_asociadas', 'Story_points_entregados', 'Incidentes_resueltos', 'Releases_exitosos', 'Satisfaccion_cliente', 'Calidad_codigo', 'Mentorias_realizadas', 'Output_compuesto']
2026-04-16 09:04:58,431 - werkzeug - INFO - 127.0.0.1 - - [16/Apr/2026 09:04:58] "[32mPOST / HTTP/1.1[0m" 302 -
2026-04-16 09:04:58,434 - werkzeug - INFO - 127.0.0.1 - - [16/Apr/2026 09:04:58] "GET /configure HTTP/1.1" 200 -
2026-04-16 09:04:58,444 - werkzeug - INFO - 127.0.0.1 - - [16/Apr/2026 09:04:58] "[36mGET /static/logo.png HTTP/1.1[0m" 304 -
2026-04-16 09:05:51,535 - __main__ - INFO - Iniciando análisis para el archivo: dea_empleados.csv con config: {'dmu_column': 'nombre', 'input_columns': ['Costo_laboral_mensual_usd', 'Horas_capacitacion', 'Costo_licencias_asociadas'], 'output_columns': ['Story_points_entregados', 'Incidentes_resueltos', 'Releases_exitosos', 'Satisfaccion_cliente', 'Calidad_codigo'], 'undesirable_outputs': [], 'orientation': 'output', 'normalize': True, 'filename': 'dea_empleados.csv'}
2026-04-16 09:05:51,544 - __main__ - INFO - Columnas: DMU='nombre', Inputs=['Costo_laboral_mensual_usd', 'Horas_capacitacion', 'Costo_licencias_asociadas'], Outputs=['Story_points_entregados', 'Incidentes_resueltos', 'Releases_exitosos', 'Satisfaccion_cliente', 'Calidad_codigo'], Undesirable=[]
/Users/alejandrogarro/dea_championsys/dea_logic.py:315: FutureWarning: DataFrame.applymap has been deprecated. Use DataFrame.map instead.
  inputs_df = inputs_df.applymap(lambda x: x if pd.isna(x) or x > 1e-9 else DEA_MIN_POSITIVE_VALUE)
/Users/alejandrogarro/dea_championsys/dea_logic.py:316: FutureWarning: DataFrame.applymap has been deprecated. Use DataFrame.map instead.
  outputs_df = outputs_df.applymap(lambda x: x if pd.isna(x) or x > 1e-9 else DEA_MIN_POSITIVE_VALUE)
2026-04-16 09:05:51,547 - dea_logic - INFO - Normalizando datos...
2026-04-16 09:05:51,550 - dea_logic - INFO - Columna 'Costo_laboral_mensual_usd' normalizada. Min: 0.0000, Max: 1.0000.
2026-04-16 09:05:51,552 - dea_logic - INFO - Columna 'Horas_capacitacion' normalizada. Min: 0.0000, Max: 1.0000.
2026-04-16 09:05:51,553 - dea_logic - INFO - Columna 'Costo_licencias_asociadas' normalizada. Min: 0.0000, Max: 1.0000.
2026-04-16 09:05:51,554 - dea_logic - INFO - Columna 'Story_points_entregados' normalizada. Min: 0.0000, Max: 1.0000.
2026-04-16 09:05:51,554 - dea_logic - INFO - Columna 'Incidentes_resueltos' normalizada. Min: 0.0000, Max: 1.0000.
2026-04-16 09:05:51,555 - dea_logic - INFO - Columna 'Releases_exitosos' normalizada. Min: 0.0000, Max: 1.0000.
2026-04-16 09:05:51,556 - dea_logic - INFO - Columna 'Satisfaccion_cliente' normalizada. Min: 0.0000, Max: 1.0000.
2026-04-16 09:05:51,556 - dea_logic - INFO - Columna 'Calidad_codigo' normalizada. Min: 0.0000, Max: 1.0000.
2026-04-16 09:05:51,557 - dea_logic - INFO - Asegurando valores > 0 para el solver, usando 1e-05 como mínimo.
/Users/alejandrogarro/dea_championsys/dea_logic.py:221: FutureWarning: DataFrame.applymap has been deprecated. Use DataFrame.map instead.
  inputs_test_df = inputs_test_df.applymap(lambda x: x if pd.isna(x) or x > 1e-9 else DEA_MIN_POSITIVE_VALUE)
/Users/alejandrogarro/dea_championsys/dea_logic.py:222: FutureWarning: DataFrame.applymap has been deprecated. Use DataFrame.map instead.
  outputs_test_df = outputs_test_df.applymap(lambda x: x if pd.isna(x) or x > 1e-9 else DEA_MIN_POSITIVE_VALUE)
2026-04-16 09:05:52,985 - dea_logic - INFO - AutoModel: Mean SE = 0.9296, Std Dev SE = 0.0976
2026-04-16 09:05:52,985 - dea_logic - INFO - Datos para Pyfrontier.fit(): Orient=out, Frontier=VRS, Inputs shape (28, 3), Outputs shape (28, 5)
2026-04-16 09:05:53,677 - dea_logic - INFO - Tipo de raw_result_list_from_pyfrontier: <class 'list'>
2026-04-16 09:05:53,677 - dea_logic - INFO - Pyfrontier devolvió una lista con 28 elementos.
2026-04-16 09:05:53,677 - dea_logic - INFO - Atributos del primer elemento de la lista de resultados: {'id': 0, 'score': 1.0, 'is_efficient': False, 'has_slack': True, 'weights': [1.0, 0.0, 0.0, 0.0, 0.0, 0.0, 0.0, 0.0, 0.0, 0.0, 0.0, 0.0, 0.0, 0.0, -0.0, 0.0, 0.0, -0.0, 0.0, 0.0, 0.0, 0.0, 0.0, 0.0, 0.0, 0.0, 0.0, 0.0], 'x_slack': [-7.6608739e-12, 1.0000004e-10, -1.3977795e-11], 'y_slack': [2.996281e-11, 0.0, -2.2695252e-12, 2.1864112e-11, 5.4868413e-11]}
2026-04-16 09:05:53,677 - dea_logic - INFO - Scores obtenidos y procesados.
2026-04-16 09:05:53,681 - dea_logic - INFO - Análisis DEA y formateo de resultados completados.
2026-04-16 09:05:53,681 - __main__ - INFO - Análisis DEA completado. Modelo: BCC. Resultados (raw JSON) almacenados en sesión.
/Users/alejandrogarro/dea_championsys/venv/lib/python3.9/site-packages/werkzeug/sansio/response.py:232: UserWarning: The 'session' cookie is too large: the value was 4872 bytes but the header required 26 extra bytes. The final size was 4898 bytes but the limit is 4093 bytes. Browsers may silently ignore cookies larger than this.
  dump_cookie(
2026-04-16 09:05:53,682 - werkzeug - INFO - 127.0.0.1 - - [16/Apr/2026 09:05:53] "[32mPOST /analyze HTTP/1.1[0m" 302 -
2026-04-16 09:05:53,687 - werkzeug - INFO - 127.0.0.1 - - [16/Apr/2026 09:05:53] "[32mGET /results HTTP/1.1[0m" 302 -
2026-04-16 09:05:53,689 - werkzeug - INFO - 127.0.0.1 - - [16/Apr/2026 09:05:53] "GET / HTTP/1.1" 200 -
2026-04-16 09:05:53,715 - werkzeug - INFO - 127.0.0.1 - - [16/Apr/2026 09:05:53] "[36mGET /static/logo.png HTTP/1.1[0m" 304 -
2026-04-16 09:06:00,259 - werkzeug - INFO - 127.0.0.1 - - [16/Apr/2026 09:06:00] "GET / HTTP/1.1" 200 -
2026-04-16 09:06:00,274 - werkzeug - INFO - 127.0.0.1 - - [16/Apr/2026 09:06:00] "GET /static/logo.png HTTP/1.1" 200 -
2026-04-16 09:06:00,551 - werkzeug - INFO - 127.0.0.1 - - [16/Apr/2026 09:06:00] "[33mGET /favicon.ico HTTP/1.1[0m" 404 -
2026-04-16 09:06:06,440 - __main__ - INFO - Archivo 'dea_empleados.csv' cargado. Columnas: ['mes', 'id_empleado', 'nombre', 'rol', 'equipo', 'Costo_laboral_mensual_usd', 'Horas_trabajadas', 'Seniority_index', 'Horas_capacitacion', 'Costo_licencias_asociadas', 'Story_points_entregados', 'Incidentes_resueltos', 'Releases_exitosos', 'Satisfaccion_cliente', 'Calidad_codigo', 'Mentorias_realizadas', 'Output_compuesto']
2026-04-16 09:06:06,441 - werkzeug - INFO - 127.0.0.1 - - [16/Apr/2026 09:06:06] "[32mPOST / HTTP/1.1[0m" 302 -
2026-04-16 09:06:06,444 - werkzeug - INFO - 127.0.0.1 - - [16/Apr/2026 09:06:06] "GET /configure HTTP/1.1" 200 -
2026-04-16 09:06:06,460 - werkzeug - INFO - 127.0.0.1 - - [16/Apr/2026 09:06:06] "[36mGET /static/logo.png HTTP/1.1[0m" 304 -
2026-04-16 09:06:49,120 - __main__ - INFO - Iniciando análisis para el archivo: dea_empleados.csv con config: {'dmu_column': 'nombre', 'input_columns': ['Costo_laboral_mensual_usd', 'Horas_capacitacion'], 'output_columns': ['Story_points_entregados', 'Satisfaccion_cliente'], 'undesirable_outputs': [], 'orientation': 'output', 'normalize': False, 'filename': 'dea_empleados.csv'}
2026-04-16 09:06:49,127 - __main__ - INFO - Columnas: DMU='nombre', Inputs=['Costo_laboral_mensual_usd', 'Horas_capacitacion'], Outputs=['Story_points_entregados', 'Satisfaccion_cliente'], Undesirable=[]
/Users/alejandrogarro/dea_championsys/dea_logic.py:315: FutureWarning: DataFrame.applymap has been deprecated. Use DataFrame.map instead.
  inputs_df = inputs_df.applymap(lambda x: x if pd.isna(x) or x > 1e-9 else DEA_MIN_POSITIVE_VALUE)
/Users/alejandrogarro/dea_championsys/dea_logic.py:316: FutureWarning: DataFrame.applymap has been deprecated. Use DataFrame.map instead.
  outputs_df = outputs_df.applymap(lambda x: x if pd.isna(x) or x > 1e-9 else DEA_MIN_POSITIVE_VALUE)
2026-04-16 09:06:49,129 - dea_logic - INFO - Asegurando valores > 0 para el solver, usando 1e-05 como mínimo.
/Users/alejandrogarro/dea_championsys/dea_logic.py:221: FutureWarning: DataFrame.applymap has been deprecated. Use DataFrame.map instead.
  inputs_test_df = inputs_test_df.applymap(lambda x: x if pd.isna(x) or x > 1e-9 else DEA_MIN_POSITIVE_VALUE)
/Users/alejandrogarro/dea_championsys/dea_logic.py:222: FutureWarning: DataFrame.applymap has been deprecated. Use DataFrame.map instead.
  outputs_test_df = outputs_test_df.applymap(lambda x: x if pd.isna(x) or x > 1e-9 else DEA_MIN_POSITIVE_VALUE)
2026-04-16 09:06:50,490 - dea_logic - INFO - AutoModel: Mean SE = 0.7889, Std Dev SE = 0.1911
2026-04-16 09:06:50,490 - dea_logic - INFO - Datos para Pyfrontier.fit(): Orient=out, Frontier=VRS, Inputs shape (28, 2), Outputs shape (28, 2)
2026-04-16 09:06:51,206 - dea_logic - INFO - Tipo de raw_result_list_from_pyfrontier: <class 'list'>
2026-04-16 09:06:51,206 - dea_logic - INFO - Pyfrontier devolvió una lista con 28 elementos.
2026-04-16 09:06:51,206 - dea_logic - INFO - Atributos del primer elemento de la lista de resultados: {'id': 0, 'score': 1.0, 'is_efficient': False, 'has_slack': True, 'weights': [1.0, 0.0, 0.0, 0.0, 0.0, 0.0, 0.0, 0.0, 0.0, 0.0, 0.0, 0.0, 0.0, 0.0, 0.0, 0.0, 0.0, 0.0, 0.0, 0.0, 0.0, 0.0, 0.0, 0.0, -0.0, 0.0, 0.0, 0.0], 'x_slack': [1.5977775e-10, -3.9290793e-12], 'y_slack': [0.0, 3.3856251e-13]}
2026-04-16 09:06:51,206 - dea_logic - INFO - Scores obtenidos y procesados.
2026-04-16 09:06:51,211 - dea_logic - INFO - Análisis DEA y formateo de resultados completados.
2026-04-16 09:06:51,211 - __main__ - INFO - Análisis DEA completado. Modelo: BCC. Resultados (raw JSON) almacenados en sesión.
2026-04-16 09:06:51,212 - werkzeug - INFO - 127.0.0.1 - - [16/Apr/2026 09:06:51] "[32mPOST /analyze HTTP/1.1[0m" 302 -
/Users/alejandrogarro/dea_championsys/app.py:278: FutureWarning: Passing literal json to 'read_json' is deprecated and will be removed in a future version. To read from a literal string, wrap it in a 'StringIO' object.
  'scores_html': pd.read_json(raw_results_from_session['raw_scores_df_json'], orient='split').to_html(classes=table_classes, index=True, border=0, float_format='{:,.4f}'.format),
/Users/alejandrogarro/dea_championsys/app.py:279: FutureWarning: Passing literal json to 'read_json' is deprecated and will be removed in a future version. To read from a literal string, wrap it in a 'StringIO' object.
  'slacks_html': pd.read_json(raw_results_from_session['raw_slacks_df_json'], orient='split').to_html(classes=table_classes, index=True, border=0, float_format='{:,.4f}'.format),
/Users/alejandrogarro/dea_championsys/app.py:280: FutureWarning: Passing literal json to 'read_json' is deprecated and will be removed in a future version. To read from a literal string, wrap it in a 'StringIO' object.
  'targets_html': pd.read_json(raw_results_from_session['raw_targets_df_json'], orient='split').to_html(classes=table_classes, index=True, border=0, float_format='{:,.2f}'.format),
/Users/alejandrogarro/dea_championsys/app.py:281: FutureWarning: Passing literal json to 'read_json' is deprecated and will be removed in a future version. To read from a literal string, wrap it in a 'StringIO' object.
  'lambdas_html': pd.read_json(raw_results_from_session['raw_lambdas_df_json'], orient='split').to_html(classes=table_classes, index=True, border=0, float_format='{:,.4f}'.format),
/Users/alejandrogarro/dea_championsys/app.py:282: FutureWarning: Passing literal json to 'read_json' is deprecated and will be removed in a future version. To read from a literal string, wrap it in a 'StringIO' object.
  'original_inputs_html': pd.read_json(raw_results_from_session['raw_original_inputs_df_json'], orient='split').to_html(classes=table_classes, index=True, border=0, float_format='{:,.4f}'.format),
/Users/alejandrogarro/dea_championsys/app.py:283: FutureWarning: Passing literal json to 'read_json' is deprecated and will be removed in a future version. To read from a literal string, wrap it in a 'StringIO' object.
  'original_outputs_html': pd.read_json(raw_results_from_session['raw_original_outputs_df_json'], orient='split').to_html(classes=table_classes, index=True, border=0, float_format='{:,.4f}'.format),
2026-04-16 09:06:51,229 - werkzeug - INFO - 127.0.0.1 - - [16/Apr/2026 09:06:51] "GET /results HTTP/1.1" 200 -
2026-04-16 09:06:51,258 - werkzeug - INFO - 127.0.0.1 - - [16/Apr/2026 09:06:51] "[36mGET /static/logo.png HTTP/1.1[0m" 304 -
/Users/alejandrogarro/dea_championsys/app.py:305: FutureWarning: Passing literal json to 'read_json' is deprecated and will be removed in a future version. To read from a literal string, wrap it in a 'StringIO' object.
  scores_df = pd.read_json(dea_results_session_raw['raw_scores_df_json'], orient='split')
/Users/alejandrogarro/dea_championsys/app.py:306: FutureWarning: Passing literal json to 'read_json' is deprecated and will be removed in a future version. To read from a literal string, wrap it in a 'StringIO' object.
  inputs_df_graph = pd.read_json(dea_results_session_raw['raw_original_inputs_df_json'], orient='split')
/Users/alejandrogarro/dea_championsys/app.py:307: FutureWarning: Passing literal json to 'read_json' is deprecated and will be removed in a future version. To read from a literal string, wrap it in a 'StringIO' object.
  outputs_df_graph = pd.read_json(dea_results_session_raw['raw_original_outputs_df_json'], orient='split')
2026-04-16 09:06:55,116 - werkzeug - INFO - 127.0.0.1 - - [16/Apr/2026 09:06:55] "GET /graphs HTTP/1.1" 200 -
2026-04-16 09:06:55,137 - werkzeug - INFO - 127.0.0.1 - - [16/Apr/2026 09:06:55] "[36mGET /static/logo.png HTTP/1.1[0m" 304 -
/Users/alejandrogarro/dea_championsys/app.py:305: FutureWarning: Passing literal json to 'read_json' is deprecated and will be removed in a future version. To read from a literal string, wrap it in a 'StringIO' object.
  scores_df = pd.read_json(dea_results_session_raw['raw_scores_df_json'], orient='split')
/Users/alejandrogarro/dea_championsys/app.py:306: FutureWarning: Passing literal json to 'read_json' is deprecated and will be removed in a future version. To read from a literal string, wrap it in a 'StringIO' object.
  inputs_df_graph = pd.read_json(dea_results_session_raw['raw_original_inputs_df_json'], orient='split')
/Users/alejandrogarro/dea_championsys/app.py:307: FutureWarning: Passing literal json to 'read_json' is deprecated and will be removed in a future version. To read from a literal string, wrap it in a 'StringIO' object.
  outputs_df_graph = pd.read_json(dea_results_session_raw['raw_original_outputs_df_json'], orient='split')
/Users/alejandrogarro/dea_championsys/app.py:363: DeprecationWarning: 
Support for Kaleido versions less than 1.0.0 is deprecated and will be removed after September 2025.
Please upgrade Kaleido to version 1.0.0 or greater (`pip install 'kaleido>=1.0.0'` or `pip install 'plotly[kaleido]'`).

  pio.write_image(fig, graph_image_path, width=800, height=600, scale=1.5)
2026-04-16 09:07:02,658 - __main__ - INFO - Gráfica generada y guardada en: static/graph_images/graph_dea_empleados_Costo_laboral_mensual_usd_Story_points_entregados.png
/Users/alejandrogarro/dea_championsys/venv/lib/python3.9/site-packages/werkzeug/sansio/response.py:232: UserWarning: The 'session' cookie is too large: the value was 6748 bytes but the header required 26 extra bytes. The final size was 6774 bytes but the limit is 4093 bytes. Browsers may silently ignore cookies larger than this.
  dump_cookie(
2026-04-16 09:07:02,659 - werkzeug - INFO - 127.0.0.1 - - [16/Apr/2026 09:07:02] "POST /graphs HTTP/1.1" 200 -
2026-04-16 09:07:02,673 - werkzeug - INFO - 127.0.0.1 - - [16/Apr/2026 09:07:02] "[36mGET /static/logo.png HTTP/1.1[0m" 304 -
/Users/alejandrogarro/dea_championsys/app.py:305: FutureWarning: Passing literal json to 'read_json' is deprecated and will be removed in a future version. To read from a literal string, wrap it in a 'StringIO' object.
  scores_df = pd.read_json(dea_results_session_raw['raw_scores_df_json'], orient='split')
/Users/alejandrogarro/dea_championsys/app.py:306: FutureWarning: Passing literal json to 'read_json' is deprecated and will be removed in a future version. To read from a literal string, wrap it in a 'StringIO' object.
  inputs_df_graph = pd.read_json(dea_results_session_raw['raw_original_inputs_df_json'], orient='split')
/Users/alejandrogarro/dea_championsys/app.py:307: FutureWarning: Passing literal json to 'read_json' is deprecated and will be removed in a future version. To read from a literal string, wrap it in a 'StringIO' object.
  outputs_df_graph = pd.read_json(dea_results_session_raw['raw_original_outputs_df_json'], orient='split')
/Users/alejandrogarro/dea_championsys/app.py:363: DeprecationWarning: 
Support for Kaleido versions less than 1.0.0 is deprecated and will be removed after September 2025.
Please upgrade Kaleido to version 1.0.0 or greater (`pip install 'kaleido>=1.0.0'` or `pip install 'plotly[kaleido]'`).

  pio.write_image(fig, graph_image_path, width=800, height=600, scale=1.5)
2026-04-16 09:07:10,863 - __main__ - INFO - Gráfica generada y guardada en: static/graph_images/graph_dea_empleados_Costo_laboral_mensual_usd_Satisfaccion_cliente.png
/Users/alejandrogarro/dea_championsys/venv/lib/python3.9/site-packages/werkzeug/sansio/response.py:232: UserWarning: The 'session' cookie is too large: the value was 6871 bytes but the header required 26 extra bytes. The final size was 6897 bytes but the limit is 4093 bytes. Browsers may silently ignore cookies larger than this.
  dump_cookie(
2026-04-16 09:07:10,864 - werkzeug - INFO - 127.0.0.1 - - [16/Apr/2026 09:07:10] "POST /graphs HTTP/1.1" 200 -
2026-04-16 09:07:10,878 - werkzeug - INFO - 127.0.0.1 - - [16/Apr/2026 09:07:10] "[36mGET /static/logo.png HTTP/1.1[0m" 304 -
/Users/alejandrogarro/dea_championsys/app.py:305: FutureWarning: Passing literal json to 'read_json' is deprecated and will be removed in a future version. To read from a literal string, wrap it in a 'StringIO' object.
  scores_df = pd.read_json(dea_results_session_raw['raw_scores_df_json'], orient='split')
/Users/alejandrogarro/dea_championsys/app.py:306: FutureWarning: Passing literal json to 'read_json' is deprecated and will be removed in a future version. To read from a literal string, wrap it in a 'StringIO' object.
  inputs_df_graph = pd.read_json(dea_results_session_raw['raw_original_inputs_df_json'], orient='split')
/Users/alejandrogarro/dea_championsys/app.py:307: FutureWarning: Passing literal json to 'read_json' is deprecated and will be removed in a future version. To read from a literal string, wrap it in a 'StringIO' object.
  outputs_df_graph = pd.read_json(dea_results_session_raw['raw_original_outputs_df_json'], orient='split')
/Users/alejandrogarro/dea_championsys/app.py:363: DeprecationWarning: 
Support for Kaleido versions less than 1.0.0 is deprecated and will be removed after September 2025.
Please upgrade Kaleido to version 1.0.0 or greater (`pip install 'kaleido>=1.0.0'` or `pip install 'plotly[kaleido]'`).

  pio.write_image(fig, graph_image_path, width=800, height=600, scale=1.5)
2026-04-16 09:07:23,529 - __main__ - INFO - Gráfica generada y guardada en: static/graph_images/graph_dea_empleados_Horas_capacitacion_Story_points_entregados.png
/Users/alejandrogarro/dea_championsys/venv/lib/python3.9/site-packages/werkzeug/sansio/response.py:232: UserWarning: The 'session' cookie is too large: the value was 6683 bytes but the header required 26 extra bytes. The final size was 6709 bytes but the limit is 4093 bytes. Browsers may silently ignore cookies larger than this.
  dump_cookie(
2026-04-16 09:07:23,530 - werkzeug - INFO - 127.0.0.1 - - [16/Apr/2026 09:07:23] "POST /graphs HTTP/1.1" 200 -
2026-04-16 09:07:23,559 - werkzeug - INFO - 127.0.0.1 - - [16/Apr/2026 09:07:23] "[36mGET /static/logo.png HTTP/1.1[0m" 304 -
/Users/alejandrogarro/dea_championsys/app.py:305: FutureWarning: Passing literal json to 'read_json' is deprecated and will be removed in a future version. To read from a literal string, wrap it in a 'StringIO' object.
  scores_df = pd.read_json(dea_results_session_raw['raw_scores_df_json'], orient='split')
/Users/alejandrogarro/dea_championsys/app.py:306: FutureWarning: Passing literal json to 'read_json' is deprecated and will be removed in a future version. To read from a literal string, wrap it in a 'StringIO' object.
  inputs_df_graph = pd.read_json(dea_results_session_raw['raw_original_inputs_df_json'], orient='split')
/Users/alejandrogarro/dea_championsys/app.py:307: FutureWarning: Passing literal json to 'read_json' is deprecated and will be removed in a future version. To read from a literal string, wrap it in a 'StringIO' object.
  outputs_df_graph = pd.read_json(dea_results_session_raw['raw_original_outputs_df_json'], orient='split')
/Users/alejandrogarro/dea_championsys/app.py:363: DeprecationWarning: 
Support for Kaleido versions less than 1.0.0 is deprecated and will be removed after September 2025.
Please upgrade Kaleido to version 1.0.0 or greater (`pip install 'kaleido>=1.0.0'` or `pip install 'plotly[kaleido]'`).

  pio.write_image(fig, graph_image_path, width=800, height=600, scale=1.5)
2026-04-16 09:07:29,019 - __main__ - INFO - Gráfica generada y guardada en: static/graph_images/graph_dea_empleados_Horas_capacitacion_Satisfaccion_cliente.png
/Users/alejandrogarro/dea_championsys/venv/lib/python3.9/site-packages/werkzeug/sansio/response.py:232: UserWarning: The 'session' cookie is too large: the value was 6810 bytes but the header required 26 extra bytes. The final size was 6836 bytes but the limit is 4093 bytes. Browsers may silently ignore cookies larger than this.
  dump_cookie(
2026-04-16 09:07:29,020 - werkzeug - INFO - 127.0.0.1 - - [16/Apr/2026 09:07:29] "POST /graphs HTTP/1.1" 200 -
2026-04-16 09:07:29,030 - werkzeug - INFO - 127.0.0.1 - - [16/Apr/2026 09:07:29] "[36mGET /static/logo.png HTTP/1.1[0m" 304 -
/Users/alejandrogarro/dea_championsys/app.py:278: FutureWarning: Passing literal json to 'read_json' is deprecated and will be removed in a future version. To read from a literal string, wrap it in a 'StringIO' object.
  'scores_html': pd.read_json(raw_results_from_session['raw_scores_df_json'], orient='split').to_html(classes=table_classes, index=True, border=0, float_format='{:,.4f}'.format),
/Users/alejandrogarro/dea_championsys/app.py:279: FutureWarning: Passing literal json to 'read_json' is deprecated and will be removed in a future version. To read from a literal string, wrap it in a 'StringIO' object.
  'slacks_html': pd.read_json(raw_results_from_session['raw_slacks_df_json'], orient='split').to_html(classes=table_classes, index=True, border=0, float_format='{:,.4f}'.format),
/Users/alejandrogarro/dea_championsys/app.py:280: FutureWarning: Passing literal json to 'read_json' is deprecated and will be removed in a future version. To read from a literal string, wrap it in a 'StringIO' object.
  'targets_html': pd.read_json(raw_results_from_session['raw_targets_df_json'], orient='split').to_html(classes=table_classes, index=True, border=0, float_format='{:,.2f}'.format),
/Users/alejandrogarro/dea_championsys/app.py:281: FutureWarning: Passing literal json to 'read_json' is deprecated and will be removed in a future version. To read from a literal string, wrap it in a 'StringIO' object.
  'lambdas_html': pd.read_json(raw_results_from_session['raw_lambdas_df_json'], orient='split').to_html(classes=table_classes, index=True, border=0, float_format='{:,.4f}'.format),
/Users/alejandrogarro/dea_championsys/app.py:282: FutureWarning: Passing literal json to 'read_json' is deprecated and will be removed in a future version. To read from a literal string, wrap it in a 'StringIO' object.
  'original_inputs_html': pd.read_json(raw_results_from_session['raw_original_inputs_df_json'], orient='split').to_html(classes=table_classes, index=True, border=0, float_format='{:,.4f}'.format),
/Users/alejandrogarro/dea_championsys/app.py:283: FutureWarning: Passing literal json to 'read_json' is deprecated and will be removed in a future version. To read from a literal string, wrap it in a 'StringIO' object.
  'original_outputs_html': pd.read_json(raw_results_from_session['raw_original_outputs_df_json'], orient='split').to_html(classes=table_classes, index=True, border=0, float_format='{:,.4f}'.format),
2026-04-16 09:07:37,711 - werkzeug - INFO - 127.0.0.1 - - [16/Apr/2026 09:07:37] "GET /results HTTP/1.1" 200 -
2026-04-16 09:07:37,729 - werkzeug - INFO - 127.0.0.1 - - [16/Apr/2026 09:07:37] "[36mGET /static/logo.png HTTP/1.1[0m" 304 -
2026-04-16 09:07:40,312 - __main__ - INFO - Sesión limpiada.
2026-04-16 09:07:40,313 - werkzeug - INFO - 127.0.0.1 - - [16/Apr/2026 09:07:40] "[32mGET /clear_session HTTP/1.1[0m" 302 -
2026-04-16 09:07:40,319 - werkzeug - INFO - 127.0.0.1 - - [16/Apr/2026 09:07:40] "GET / HTTP/1.1" 200 -
2026-04-16 09:07:40,335 - werkzeug - INFO - 127.0.0.1 - - [16/Apr/2026 09:07:40] "[36mGET /static/logo.png HTTP/1.1[0m" 304 -
2026-04-16 09:38:55,240 - werkzeug - INFO - 127.0.0.1 - - [16/Apr/2026 09:38:55] "GET / HTTP/1.1" 200 -
2026-04-16 09:38:55,258 - werkzeug - INFO - 127.0.0.1 - - [16/Apr/2026 09:38:55] "GET /static/logo.png HTTP/1.1" 200 -
2026-04-16 09:38:55,572 - werkzeug - INFO - 127.0.0.1 - - [16/Apr/2026 09:38:55] "[33mGET /favicon.ico HTTP/1.1[0m" 404 -
2026-04-16 10:37:27,546 - __main__ - INFO - Archivo 'dea_empleados.csv' cargado. Columnas: ['mes', 'id_empleado', 'nombre', 'rol', 'equipo', 'Costo_laboral_mensual_usd', 'Horas_trabajadas', 'Seniority_index', 'Horas_capacitacion', 'Costo_licencias_asociadas', 'Story_points_entregados', 'Incidentes_resueltos', 'Releases_exitosos', 'Satisfaccion_cliente', 'Calidad_codigo', 'Mentorias_realizadas', 'Output_compuesto']
2026-04-16 10:37:27,551 - werkzeug - INFO - 127.0.0.1 - - [16/Apr/2026 10:37:27] "[32mPOST / HTTP/1.1[0m" 302 -
2026-04-16 10:37:27,555 - werkzeug - INFO - 127.0.0.1 - - [16/Apr/2026 10:37:27] "GET /configure HTTP/1.1" 200 -
2026-04-16 10:37:27,578 - werkzeug - INFO - 127.0.0.1 - - [16/Apr/2026 10:37:27] "[36mGET /static/logo.png HTTP/1.1[0m" 304 -
2026-04-16 10:40:36,732 - __main__ - INFO - Iniciando análisis para el archivo: dea_empleados.csv con config: {'dmu_column': 'nombre', 'input_columns': ['Costo_laboral_mensual_usd', 'Horas_capacitacion'], 'output_columns': ['Story_points_entregados', 'Incidentes_resueltos', 'Satisfaccion_cliente'], 'undesirable_outputs': [], 'orientation': 'output', 'normalize': False, 'filename': 'dea_empleados.csv'}
2026-04-16 10:40:36,744 - __main__ - INFO - Columnas: DMU='nombre', Inputs=['Costo_laboral_mensual_usd', 'Horas_capacitacion'], Outputs=['Story_points_entregados', 'Incidentes_resueltos', 'Satisfaccion_cliente'], Undesirable=[]
/Users/alejandrogarro/dea_championsys/dea_logic.py:315: FutureWarning: DataFrame.applymap has been deprecated. Use DataFrame.map instead.
  inputs_df = inputs_df.applymap(lambda x: x if pd.isna(x) or x > 1e-9 else DEA_MIN_POSITIVE_VALUE)
/Users/alejandrogarro/dea_championsys/dea_logic.py:316: FutureWarning: DataFrame.applymap has been deprecated. Use DataFrame.map instead.
  outputs_df = outputs_df.applymap(lambda x: x if pd.isna(x) or x > 1e-9 else DEA_MIN_POSITIVE_VALUE)
2026-04-16 10:40:36,747 - dea_logic - INFO - Asegurando valores > 0 para el solver, usando 1e-05 como mínimo.
/Users/alejandrogarro/dea_championsys/dea_logic.py:221: FutureWarning: DataFrame.applymap has been deprecated. Use DataFrame.map instead.
  inputs_test_df = inputs_test_df.applymap(lambda x: x if pd.isna(x) or x > 1e-9 else DEA_MIN_POSITIVE_VALUE)
/Users/alejandrogarro/dea_championsys/dea_logic.py:222: FutureWarning: DataFrame.applymap has been deprecated. Use DataFrame.map instead.
  outputs_test_df = outputs_test_df.applymap(lambda x: x if pd.isna(x) or x > 1e-9 else DEA_MIN_POSITIVE_VALUE)
2026-04-16 10:40:39,393 - dea_logic - INFO - AutoModel: Mean SE = 0.8050, Std Dev SE = 0.1997
2026-04-16 10:40:39,393 - dea_logic - INFO - Datos para Pyfrontier.fit(): Orient=out, Frontier=VRS, Inputs shape (28, 2), Outputs shape (28, 3)
2026-04-16 10:40:40,137 - dea_logic - INFO - Tipo de raw_result_list_from_pyfrontier: <class 'list'>
2026-04-16 10:40:40,137 - dea_logic - INFO - Pyfrontier devolvió una lista con 28 elementos.
2026-04-16 10:40:40,137 - dea_logic - INFO - Atributos del primer elemento de la lista de resultados: {'id': 0, 'score': 1.0, 'is_efficient': False, 'has_slack': True, 'weights': [1.0, 0.0, 0.0, 0.0, 0.0, 0.0, 0.0, -0.0, 0.0, 0.0, 0.0, 0.0, 0.0, -0.0, 0.0, 0.0, 0.0, -0.0, 0.0, 0.0, 0.0, 0.0, -0.0, 0.0, 0.0, 0.0, 0.0, 0.0], 'x_slack': [2.7348455e-08, 0.0], 'y_slack': [0.0, 0.0, -3.0647596e-12]}
2026-04-16 10:40:40,137 - dea_logic - INFO - Scores obtenidos y procesados.
2026-04-16 10:40:40,141 - dea_logic - INFO - Análisis DEA y formateo de resultados completados.
2026-04-16 10:40:40,142 - __main__ - INFO - Análisis DEA completado. Modelo: BCC. Resultados (raw JSON) almacenados en sesión.
2026-04-16 10:40:40,143 - werkzeug - INFO - 127.0.0.1 - - [16/Apr/2026 10:40:40] "[32mPOST /analyze HTTP/1.1[0m" 302 -
/Users/alejandrogarro/dea_championsys/app.py:278: FutureWarning: Passing literal json to 'read_json' is deprecated and will be removed in a future version. To read from a literal string, wrap it in a 'StringIO' object.
  'scores_html': pd.read_json(raw_results_from_session['raw_scores_df_json'], orient='split').to_html(classes=table_classes, index=True, border=0, float_format='{:,.4f}'.format),
/Users/alejandrogarro/dea_championsys/app.py:279: FutureWarning: Passing literal json to 'read_json' is deprecated and will be removed in a future version. To read from a literal string, wrap it in a 'StringIO' object.
  'slacks_html': pd.read_json(raw_results_from_session['raw_slacks_df_json'], orient='split').to_html(classes=table_classes, index=True, border=0, float_format='{:,.4f}'.format),
/Users/alejandrogarro/dea_championsys/app.py:280: FutureWarning: Passing literal json to 'read_json' is deprecated and will be removed in a future version. To read from a literal string, wrap it in a 'StringIO' object.
  'targets_html': pd.read_json(raw_results_from_session['raw_targets_df_json'], orient='split').to_html(classes=table_classes, index=True, border=0, float_format='{:,.2f}'.format),
/Users/alejandrogarro/dea_championsys/app.py:281: FutureWarning: Passing literal json to 'read_json' is deprecated and will be removed in a future version. To read from a literal string, wrap it in a 'StringIO' object.
  'lambdas_html': pd.read_json(raw_results_from_session['raw_lambdas_df_json'], orient='split').to_html(classes=table_classes, index=True, border=0, float_format='{:,.4f}'.format),
/Users/alejandrogarro/dea_championsys/app.py:282: FutureWarning: Passing literal json to 'read_json' is deprecated and will be removed in a future version. To read from a literal string, wrap it in a 'StringIO' object.
  'original_inputs_html': pd.read_json(raw_results_from_session['raw_original_inputs_df_json'], orient='split').to_html(classes=table_classes, index=True, border=0, float_format='{:,.4f}'.format),
/Users/alejandrogarro/dea_championsys/app.py:283: FutureWarning: Passing literal json to 'read_json' is deprecated and will be removed in a future version. To read from a literal string, wrap it in a 'StringIO' object.
  'original_outputs_html': pd.read_json(raw_results_from_session['raw_original_outputs_df_json'], orient='split').to_html(classes=table_classes, index=True, border=0, float_format='{:,.4f}'.format),
2026-04-16 10:40:40,173 - werkzeug - INFO - 127.0.0.1 - - [16/Apr/2026 10:40:40] "GET /results HTTP/1.1" 200 -
2026-04-16 10:40:40,210 - werkzeug - INFO - 127.0.0.1 - - [16/Apr/2026 10:40:40] "[36mGET /static/logo.png HTTP/1.1[0m" 304 -
/Users/alejandrogarro/dea_championsys/app.py:305: FutureWarning: Passing literal json to 'read_json' is deprecated and will be removed in a future version. To read from a literal string, wrap it in a 'StringIO' object.
  scores_df = pd.read_json(dea_results_session_raw['raw_scores_df_json'], orient='split')
/Users/alejandrogarro/dea_championsys/app.py:306: FutureWarning: Passing literal json to 'read_json' is deprecated and will be removed in a future version. To read from a literal string, wrap it in a 'StringIO' object.
  inputs_df_graph = pd.read_json(dea_results_session_raw['raw_original_inputs_df_json'], orient='split')
/Users/alejandrogarro/dea_championsys/app.py:307: FutureWarning: Passing literal json to 'read_json' is deprecated and will be removed in a future version. To read from a literal string, wrap it in a 'StringIO' object.
  outputs_df_graph = pd.read_json(dea_results_session_raw['raw_original_outputs_df_json'], orient='split')
2026-04-16 10:43:21,630 - werkzeug - INFO - 127.0.0.1 - - [16/Apr/2026 10:43:21] "GET /graphs HTTP/1.1" 200 -
2026-04-16 10:43:21,655 - werkzeug - INFO - 127.0.0.1 - - [16/Apr/2026 10:43:21] "[36mGET /static/logo.png HTTP/1.1[0m" 304 -
/Users/alejandrogarro/dea_championsys/app.py:305: FutureWarning: Passing literal json to 'read_json' is deprecated and will be removed in a future version. To read from a literal string, wrap it in a 'StringIO' object.
  scores_df = pd.read_json(dea_results_session_raw['raw_scores_df_json'], orient='split')
/Users/alejandrogarro/dea_championsys/app.py:306: FutureWarning: Passing literal json to 'read_json' is deprecated and will be removed in a future version. To read from a literal string, wrap it in a 'StringIO' object.
  inputs_df_graph = pd.read_json(dea_results_session_raw['raw_original_inputs_df_json'], orient='split')
/Users/alejandrogarro/dea_championsys/app.py:307: FutureWarning: Passing literal json to 'read_json' is deprecated and will be removed in a future version. To read from a literal string, wrap it in a 'StringIO' object.
  outputs_df_graph = pd.read_json(dea_results_session_raw['raw_original_outputs_df_json'], orient='split')
/Users/alejandrogarro/dea_championsys/app.py:363: DeprecationWarning: 
Support for Kaleido versions less than 1.0.0 is deprecated and will be removed after September 2025.
Please upgrade Kaleido to version 1.0.0 or greater (`pip install 'kaleido>=1.0.0'` or `pip install 'plotly[kaleido]'`).

  pio.write_image(fig, graph_image_path, width=800, height=600, scale=1.5)
2026-04-16 10:43:47,235 - __main__ - INFO - Gráfica generada y guardada en: static/graph_images/graph_dea_empleados_Costo_laboral_mensual_usd_Story_points_entregados.png
/Users/alejandrogarro/dea_championsys/venv/lib/python3.9/site-packages/werkzeug/sansio/response.py:232: UserWarning: The 'session' cookie is too large: the value was 6926 bytes but the header required 26 extra bytes. The final size was 6952 bytes but the limit is 4093 bytes. Browsers may silently ignore cookies larger than this.
  dump_cookie(
2026-04-16 10:43:47,236 - werkzeug - INFO - 127.0.0.1 - - [16/Apr/2026 10:43:47] "POST /graphs HTTP/1.1" 200 -
2026-04-16 10:43:47,259 - werkzeug - INFO - 127.0.0.1 - - [16/Apr/2026 10:43:47] "[36mGET /static/logo.png HTTP/1.1[0m" 304 -
/Users/alejandrogarro/dea_championsys/app.py:305: FutureWarning: Passing literal json to 'read_json' is deprecated and will be removed in a future version. To read from a literal string, wrap it in a 'StringIO' object.
  scores_df = pd.read_json(dea_results_session_raw['raw_scores_df_json'], orient='split')
/Users/alejandrogarro/dea_championsys/app.py:306: FutureWarning: Passing literal json to 'read_json' is deprecated and will be removed in a future version. To read from a literal string, wrap it in a 'StringIO' object.
  inputs_df_graph = pd.read_json(dea_results_session_raw['raw_original_inputs_df_json'], orient='split')
/Users/alejandrogarro/dea_championsys/app.py:307: FutureWarning: Passing literal json to 'read_json' is deprecated and will be removed in a future version. To read from a literal string, wrap it in a 'StringIO' object.
  outputs_df_graph = pd.read_json(dea_results_session_raw['raw_original_outputs_df_json'], orient='split')
/Users/alejandrogarro/dea_championsys/app.py:363: DeprecationWarning: 
Support for Kaleido versions less than 1.0.0 is deprecated and will be removed after September 2025.
Please upgrade Kaleido to version 1.0.0 or greater (`pip install 'kaleido>=1.0.0'` or `pip install 'plotly[kaleido]'`).

  pio.write_image(fig, graph_image_path, width=800, height=600, scale=1.5)
2026-04-16 10:45:14,479 - __main__ - INFO - Gráfica generada y guardada en: static/graph_images/graph_dea_empleados_Costo_laboral_mensual_usd_Incidentes_resueltos.png
/Users/alejandrogarro/dea_championsys/venv/lib/python3.9/site-packages/werkzeug/sansio/response.py:232: UserWarning: The 'session' cookie is too large: the value was 6920 bytes but the header required 26 extra bytes. The final size was 6946 bytes but the limit is 4093 bytes. Browsers may silently ignore cookies larger than this.
  dump_cookie(
2026-04-16 10:45:14,480 - werkzeug - INFO - 127.0.0.1 - - [16/Apr/2026 10:45:14] "POST /graphs HTTP/1.1" 200 -
2026-04-16 10:45:14,494 - werkzeug - INFO - 127.0.0.1 - - [16/Apr/2026 10:45:14] "[36mGET /static/logo.png HTTP/1.1[0m" 304 -
/Users/alejandrogarro/dea_championsys/app.py:305: FutureWarning: Passing literal json to 'read_json' is deprecated and will be removed in a future version. To read from a literal string, wrap it in a 'StringIO' object.
  scores_df = pd.read_json(dea_results_session_raw['raw_scores_df_json'], orient='split')
/Users/alejandrogarro/dea_championsys/app.py:306: FutureWarning: Passing literal json to 'read_json' is deprecated and will be removed in a future version. To read from a literal string, wrap it in a 'StringIO' object.
  inputs_df_graph = pd.read_json(dea_results_session_raw['raw_original_inputs_df_json'], orient='split')
/Users/alejandrogarro/dea_championsys/app.py:307: FutureWarning: Passing literal json to 'read_json' is deprecated and will be removed in a future version. To read from a literal string, wrap it in a 'StringIO' object.
  outputs_df_graph = pd.read_json(dea_results_session_raw['raw_original_outputs_df_json'], orient='split')
/Users/alejandrogarro/dea_championsys/app.py:363: DeprecationWarning: 
Support for Kaleido versions less than 1.0.0 is deprecated and will be removed after September 2025.
Please upgrade Kaleido to version 1.0.0 or greater (`pip install 'kaleido>=1.0.0'` or `pip install 'plotly[kaleido]'`).

  pio.write_image(fig, graph_image_path, width=800, height=600, scale=1.5)
2026-04-16 10:45:49,138 - __main__ - INFO - Gráfica generada y guardada en: static/graph_images/graph_dea_empleados_Costo_laboral_mensual_usd_Satisfaccion_cliente.png
/Users/alejandrogarro/dea_championsys/venv/lib/python3.9/site-packages/werkzeug/sansio/response.py:232: UserWarning: The 'session' cookie is too large: the value was 7046 bytes but the header required 26 extra bytes. The final size was 7072 bytes but the limit is 4093 bytes. Browsers may silently ignore cookies larger than this.
  dump_cookie(
2026-04-16 10:45:49,139 - werkzeug - INFO - 127.0.0.1 - - [16/Apr/2026 10:45:49] "POST /graphs HTTP/1.1" 200 -
2026-04-16 10:45:49,151 - werkzeug - INFO - 127.0.0.1 - - [16/Apr/2026 10:45:49] "[36mGET /static/logo.png HTTP/1.1[0m" 304 -
/Users/alejandrogarro/dea_championsys/app.py:278: FutureWarning: Passing literal json to 'read_json' is deprecated and will be removed in a future version. To read from a literal string, wrap it in a 'StringIO' object.
  'scores_html': pd.read_json(raw_results_from_session['raw_scores_df_json'], orient='split').to_html(classes=table_classes, index=True, border=0, float_format='{:,.4f}'.format),
/Users/alejandrogarro/dea_championsys/app.py:279: FutureWarning: Passing literal json to 'read_json' is deprecated and will be removed in a future version. To read from a literal string, wrap it in a 'StringIO' object.
  'slacks_html': pd.read_json(raw_results_from_session['raw_slacks_df_json'], orient='split').to_html(classes=table_classes, index=True, border=0, float_format='{:,.4f}'.format),
/Users/alejandrogarro/dea_championsys/app.py:280: FutureWarning: Passing literal json to 'read_json' is deprecated and will be removed in a future version. To read from a literal string, wrap it in a 'StringIO' object.
  'targets_html': pd.read_json(raw_results_from_session['raw_targets_df_json'], orient='split').to_html(classes=table_classes, index=True, border=0, float_format='{:,.2f}'.format),
/Users/alejandrogarro/dea_championsys/app.py:281: FutureWarning: Passing literal json to 'read_json' is deprecated and will be removed in a future version. To read from a literal string, wrap it in a 'StringIO' object.
  'lambdas_html': pd.read_json(raw_results_from_session['raw_lambdas_df_json'], orient='split').to_html(classes=table_classes, index=True, border=0, float_format='{:,.4f}'.format),
/Users/alejandrogarro/dea_championsys/app.py:282: FutureWarning: Passing literal json to 'read_json' is deprecated and will be removed in a future version. To read from a literal string, wrap it in a 'StringIO' object.
  'original_inputs_html': pd.read_json(raw_results_from_session['raw_original_inputs_df_json'], orient='split').to_html(classes=table_classes, index=True, border=0, float_format='{:,.4f}'.format),
/Users/alejandrogarro/dea_championsys/app.py:283: FutureWarning: Passing literal json to 'read_json' is deprecated and will be removed in a future version. To read from a literal string, wrap it in a 'StringIO' object.
  'original_outputs_html': pd.read_json(raw_results_from_session['raw_original_outputs_df_json'], orient='split').to_html(classes=table_classes, index=True, border=0, float_format='{:,.4f}'.format),
2026-04-16 10:47:57,202 - werkzeug - INFO - 127.0.0.1 - - [16/Apr/2026 10:47:57] "GET /results HTTP/1.1" 200 -
2026-04-16 10:47:57,224 - werkzeug - INFO - 127.0.0.1 - - [16/Apr/2026 10:47:57] "[36mGET /static/logo.png HTTP/1.1[0m" 304 -
2026-04-16 10:52:27,284 - werkzeug - INFO - 127.0.0.1 - - [16/Apr/2026 10:52:27] "GET /configure HTTP/1.1" 200 -
2026-04-16 10:52:27,310 - werkzeug - INFO - 127.0.0.1 - - [16/Apr/2026 10:52:27] "[36mGET /static/logo.png HTTP/1.1[0m" 304 -
2026-04-16 10:52:46,828 - __main__ - INFO - Iniciando análisis para el archivo: dea_empleados.csv con config: {'dmu_column': 'nombre', 'input_columns': ['Costo_laboral_mensual_usd', 'Horas_capacitacion'], 'output_columns': ['Costo_licencias_asociadas', 'Story_points_entregados', 'Satisfaccion_cliente'], 'undesirable_outputs': [], 'orientation': 'output', 'normalize': True, 'filename': 'dea_empleados.csv'}
2026-04-16 10:52:46,839 - __main__ - INFO - Columnas: DMU='nombre', Inputs=['Costo_laboral_mensual_usd', 'Horas_capacitacion'], Outputs=['Costo_licencias_asociadas', 'Story_points_entregados', 'Satisfaccion_cliente'], Undesirable=[]
/Users/alejandrogarro/dea_championsys/dea_logic.py:315: FutureWarning: DataFrame.applymap has been deprecated. Use DataFrame.map instead.
  inputs_df = inputs_df.applymap(lambda x: x if pd.isna(x) or x > 1e-9 else DEA_MIN_POSITIVE_VALUE)
/Users/alejandrogarro/dea_championsys/dea_logic.py:316: FutureWarning: DataFrame.applymap has been deprecated. Use DataFrame.map instead.
  outputs_df = outputs_df.applymap(lambda x: x if pd.isna(x) or x > 1e-9 else DEA_MIN_POSITIVE_VALUE)
2026-04-16 10:52:46,841 - dea_logic - INFO - Normalizando datos...
2026-04-16 10:52:46,843 - dea_logic - INFO - Columna 'Costo_laboral_mensual_usd' normalizada. Min: 0.0000, Max: 1.0000.
2026-04-16 10:52:46,845 - dea_logic - INFO - Columna 'Horas_capacitacion' normalizada. Min: 0.0000, Max: 1.0000.
2026-04-16 10:52:46,846 - dea_logic - INFO - Columna 'Costo_licencias_asociadas' normalizada. Min: 0.0000, Max: 1.0000.
2026-04-16 10:52:46,847 - dea_logic - INFO - Columna 'Story_points_entregados' normalizada. Min: 0.0000, Max: 1.0000.
2026-04-16 10:52:46,848 - dea_logic - INFO - Columna 'Satisfaccion_cliente' normalizada. Min: 0.0000, Max: 1.0000.
2026-04-16 10:52:46,848 - dea_logic - INFO - Asegurando valores > 0 para el solver, usando 1e-05 como mínimo.
/Users/alejandrogarro/dea_championsys/dea_logic.py:221: FutureWarning: DataFrame.applymap has been deprecated. Use DataFrame.map instead.
  inputs_test_df = inputs_test_df.applymap(lambda x: x if pd.isna(x) or x > 1e-9 else DEA_MIN_POSITIVE_VALUE)
/Users/alejandrogarro/dea_championsys/dea_logic.py:222: FutureWarning: DataFrame.applymap has been deprecated. Use DataFrame.map instead.
  outputs_test_df = outputs_test_df.applymap(lambda x: x if pd.isna(x) or x > 1e-9 else DEA_MIN_POSITIVE_VALUE)
2026-04-16 10:52:48,331 - dea_logic - INFO - AutoModel: Mean SE = 0.9136, Std Dev SE = 0.1040
2026-04-16 10:52:48,331 - dea_logic - INFO - Datos para Pyfrontier.fit(): Orient=out, Frontier=VRS, Inputs shape (28, 2), Outputs shape (28, 3)
2026-04-16 10:52:49,034 - dea_logic - INFO - Tipo de raw_result_list_from_pyfrontier: <class 'list'>
2026-04-16 10:52:49,034 - dea_logic - INFO - Pyfrontier devolvió una lista con 28 elementos.
2026-04-16 10:52:49,034 - dea_logic - INFO - Atributos del primer elemento de la lista de resultados: {'id': 0, 'score': 1.0, 'is_efficient': False, 'has_slack': True, 'weights': [1.0, 0.0, -0.0, 0.0, 0.0, 0.0, 0.0, 0.0, -0.0, 0.0, 0.0, -0.0, 0.0, 0.0, 0.0, 0.0, 0.0, -0.0, 0.0, 0.0, 0.0, 0.0, 0.0, 0.0, 0.0, 0.0, 0.0, 0.0], 'x_slack': [0.0, 1.0000005e-10], 'y_slack': [4.4160088e-11, 2.0330182e-11, 1.0158606e-11]}
2026-04-16 10:52:49,034 - dea_logic - INFO - Scores obtenidos y procesados.
2026-04-16 10:52:49,038 - dea_logic - INFO - Análisis DEA y formateo de resultados completados.
2026-04-16 10:52:49,039 - __main__ - INFO - Análisis DEA completado. Modelo: BCC. Resultados (raw JSON) almacenados en sesión.
2026-04-16 10:52:49,040 - werkzeug - INFO - 127.0.0.1 - - [16/Apr/2026 10:52:49] "[32mPOST /analyze HTTP/1.1[0m" 302 -
/Users/alejandrogarro/dea_championsys/app.py:278: FutureWarning: Passing literal json to 'read_json' is deprecated and will be removed in a future version. To read from a literal string, wrap it in a 'StringIO' object.
  'scores_html': pd.read_json(raw_results_from_session['raw_scores_df_json'], orient='split').to_html(classes=table_classes, index=True, border=0, float_format='{:,.4f}'.format),
/Users/alejandrogarro/dea_championsys/app.py:279: FutureWarning: Passing literal json to 'read_json' is deprecated and will be removed in a future version. To read from a literal string, wrap it in a 'StringIO' object.
  'slacks_html': pd.read_json(raw_results_from_session['raw_slacks_df_json'], orient='split').to_html(classes=table_classes, index=True, border=0, float_format='{:,.4f}'.format),
/Users/alejandrogarro/dea_championsys/app.py:280: FutureWarning: Passing literal json to 'read_json' is deprecated and will be removed in a future version. To read from a literal string, wrap it in a 'StringIO' object.
  'targets_html': pd.read_json(raw_results_from_session['raw_targets_df_json'], orient='split').to_html(classes=table_classes, index=True, border=0, float_format='{:,.2f}'.format),
/Users/alejandrogarro/dea_championsys/app.py:281: FutureWarning: Passing literal json to 'read_json' is deprecated and will be removed in a future version. To read from a literal string, wrap it in a 'StringIO' object.
  'lambdas_html': pd.read_json(raw_results_from_session['raw_lambdas_df_json'], orient='split').to_html(classes=table_classes, index=True, border=0, float_format='{:,.4f}'.format),
/Users/alejandrogarro/dea_championsys/app.py:282: FutureWarning: Passing literal json to 'read_json' is deprecated and will be removed in a future version. To read from a literal string, wrap it in a 'StringIO' object.
  'original_inputs_html': pd.read_json(raw_results_from_session['raw_original_inputs_df_json'], orient='split').to_html(classes=table_classes, index=True, border=0, float_format='{:,.4f}'.format),
/Users/alejandrogarro/dea_championsys/app.py:283: FutureWarning: Passing literal json to 'read_json' is deprecated and will be removed in a future version. To read from a literal string, wrap it in a 'StringIO' object.
  'original_outputs_html': pd.read_json(raw_results_from_session['raw_original_outputs_df_json'], orient='split').to_html(classes=table_classes, index=True, border=0, float_format='{:,.4f}'.format),
2026-04-16 10:52:49,056 - werkzeug - INFO - 127.0.0.1 - - [16/Apr/2026 10:52:49] "GET /results HTTP/1.1" 200 -
2026-04-16 10:52:49,084 - werkzeug - INFO - 127.0.0.1 - - [16/Apr/2026 10:52:49] "[36mGET /static/logo.png HTTP/1.1[0m" 304 -
/Users/alejandrogarro/dea_championsys/app.py:305: FutureWarning: Passing literal json to 'read_json' is deprecated and will be removed in a future version. To read from a literal string, wrap it in a 'StringIO' object.
  scores_df = pd.read_json(dea_results_session_raw['raw_scores_df_json'], orient='split')
/Users/alejandrogarro/dea_championsys/app.py:306: FutureWarning: Passing literal json to 'read_json' is deprecated and will be removed in a future version. To read from a literal string, wrap it in a 'StringIO' object.
  inputs_df_graph = pd.read_json(dea_results_session_raw['raw_original_inputs_df_json'], orient='split')
/Users/alejandrogarro/dea_championsys/app.py:307: FutureWarning: Passing literal json to 'read_json' is deprecated and will be removed in a future version. To read from a literal string, wrap it in a 'StringIO' object.
  outputs_df_graph = pd.read_json(dea_results_session_raw['raw_original_outputs_df_json'], orient='split')
2026-04-16 10:52:52,854 - werkzeug - INFO - 127.0.0.1 - - [16/Apr/2026 10:52:52] "GET /graphs HTTP/1.1" 200 -
2026-04-16 10:52:52,873 - werkzeug - INFO - 127.0.0.1 - - [16/Apr/2026 10:52:52] "[36mGET /static/logo.png HTTP/1.1[0m" 304 -
2026-04-16 10:53:06,609 - __main__ - INFO - Sesión limpiada.
2026-04-16 10:53:06,610 - werkzeug - INFO - 127.0.0.1 - - [16/Apr/2026 10:53:06] "[32mGET /clear_session HTTP/1.1[0m" 302 -
2026-04-16 10:53:06,614 - werkzeug - INFO - 127.0.0.1 - - [16/Apr/2026 10:53:06] "GET / HTTP/1.1" 200 -
2026-04-16 10:53:06,632 - werkzeug - INFO - 127.0.0.1 - - [16/Apr/2026 10:53:06] "[36mGET /static/logo.png HTTP/1.1[0m" 304 -
2026-04-16 10:53:12,502 - __main__ - INFO - Archivo 'dea_empleados.csv' cargado. Columnas: ['mes', 'id_empleado', 'nombre', 'rol', 'equipo', 'Costo_laboral_mensual_usd', 'Horas_trabajadas', 'Seniority_index', 'Horas_capacitacion', 'Costo_licencias_asociadas', 'Story_points_entregados', 'Incidentes_resueltos', 'Releases_exitosos', 'Satisfaccion_cliente', 'Calidad_codigo', 'Mentorias_realizadas', 'Output_compuesto']
2026-04-16 10:53:12,504 - werkzeug - INFO - 127.0.0.1 - - [16/Apr/2026 10:53:12] "[32mPOST / HTTP/1.1[0m" 302 -
2026-04-16 10:53:12,508 - werkzeug - INFO - 127.0.0.1 - - [16/Apr/2026 10:53:12] "GET /configure HTTP/1.1" 200 -
2026-04-16 10:53:12,527 - werkzeug - INFO - 127.0.0.1 - - [16/Apr/2026 10:53:12] "[36mGET /static/logo.png HTTP/1.1[0m" 304 -
2026-04-16 10:53:45,778 - __main__ - INFO - Iniciando análisis para el archivo: dea_empleados.csv con config: {'dmu_column': 'nombre', 'input_columns': ['Costo_laboral_mensual_usd', 'Horas_capacitacion', 'Costo_licencias_asociadas'], 'output_columns': ['Story_points_entregados', 'Satisfaccion_cliente', 'Mentorias_realizadas'], 'undesirable_outputs': [], 'orientation': 'output', 'normalize': True, 'filename': 'dea_empleados.csv'}
2026-04-16 10:53:45,783 - __main__ - INFO - Columnas: DMU='nombre', Inputs=['Costo_laboral_mensual_usd', 'Horas_capacitacion', 'Costo_licencias_asociadas'], Outputs=['Story_points_entregados', 'Satisfaccion_cliente', 'Mentorias_realizadas'], Undesirable=[]
/Users/alejandrogarro/dea_championsys/dea_logic.py:315: FutureWarning: DataFrame.applymap has been deprecated. Use DataFrame.map instead.
  inputs_df = inputs_df.applymap(lambda x: x if pd.isna(x) or x > 1e-9 else DEA_MIN_POSITIVE_VALUE)
/Users/alejandrogarro/dea_championsys/dea_logic.py:316: FutureWarning: DataFrame.applymap has been deprecated. Use DataFrame.map instead.
  outputs_df = outputs_df.applymap(lambda x: x if pd.isna(x) or x > 1e-9 else DEA_MIN_POSITIVE_VALUE)
2026-04-16 10:53:45,784 - dea_logic - INFO - Normalizando datos...
2026-04-16 10:53:45,785 - dea_logic - INFO - Columna 'Costo_laboral_mensual_usd' normalizada. Min: 0.0000, Max: 1.0000.
2026-04-16 10:53:45,785 - dea_logic - INFO - Columna 'Horas_capacitacion' normalizada. Min: 0.0000, Max: 1.0000.
2026-04-16 10:53:45,786 - dea_logic - INFO - Columna 'Costo_licencias_asociadas' normalizada. Min: 0.0000, Max: 1.0000.
2026-04-16 10:53:45,786 - dea_logic - INFO - Columna 'Story_points_entregados' normalizada. Min: 0.0000, Max: 1.0000.
2026-04-16 10:53:45,786 - dea_logic - INFO - Columna 'Satisfaccion_cliente' normalizada. Min: 0.0000, Max: 1.0000.
2026-04-16 10:53:45,787 - dea_logic - INFO - Columna 'Mentorias_realizadas' normalizada. Min: 0.0000, Max: 1.0000.
2026-04-16 10:53:45,787 - dea_logic - INFO - Asegurando valores > 0 para el solver, usando 1e-05 como mínimo.
/Users/alejandrogarro/dea_championsys/dea_logic.py:221: FutureWarning: DataFrame.applymap has been deprecated. Use DataFrame.map instead.
  inputs_test_df = inputs_test_df.applymap(lambda x: x if pd.isna(x) or x > 1e-9 else DEA_MIN_POSITIVE_VALUE)
/Users/alejandrogarro/dea_championsys/dea_logic.py:222: FutureWarning: DataFrame.applymap has been deprecated. Use DataFrame.map instead.
  outputs_test_df = outputs_test_df.applymap(lambda x: x if pd.isna(x) or x > 1e-9 else DEA_MIN_POSITIVE_VALUE)
2026-04-16 10:53:47,298 - dea_logic - INFO - AutoModel: Mean SE = 0.9492, Std Dev SE = 0.0733
2026-04-16 10:53:47,298 - dea_logic - INFO - Datos para Pyfrontier.fit(): Orient=out, Frontier=VRS, Inputs shape (28, 3), Outputs shape (28, 3)
2026-04-16 10:53:48,004 - dea_logic - INFO - Tipo de raw_result_list_from_pyfrontier: <class 'list'>
2026-04-16 10:53:48,004 - dea_logic - INFO - Pyfrontier devolvió una lista con 28 elementos.
2026-04-16 10:53:48,004 - dea_logic - INFO - Atributos del primer elemento de la lista de resultados: {'id': 0, 'score': 1.0, 'is_efficient': False, 'has_slack': True, 'weights': [1.0, 0.0, 0.0, 0.0, 0.0, 0.0, 0.0, 0.0, 0.0, 0.0, 0.0, 0.0, 0.0, 0.0, 0.0, 0.0, 0.0, -0.0, 0.0, 0.0, 0.0, 0.0, 0.0, 0.0, 0.0, 0.0, 0.0, 0.0], 'x_slack': [0.0, 9.0075475e-11, 1.8880865e-11], 'y_slack': [2.2725821e-11, 2.755392e-11, 3.3444915e-11]}
2026-04-16 10:53:48,004 - dea_logic - INFO - Scores obtenidos y procesados.
2026-04-16 10:53:48,008 - dea_logic - INFO - Análisis DEA y formateo de resultados completados.
2026-04-16 10:53:48,008 - __main__ - INFO - Análisis DEA completado. Modelo: BCC. Resultados (raw JSON) almacenados en sesión.
/Users/alejandrogarro/dea_championsys/venv/lib/python3.9/site-packages/werkzeug/sansio/response.py:232: UserWarning: The 'session' cookie is too large: the value was 4288 bytes but the header required 26 extra bytes. The final size was 4314 bytes but the limit is 4093 bytes. Browsers may silently ignore cookies larger than this.
  dump_cookie(
2026-04-16 10:53:48,009 - werkzeug - INFO - 127.0.0.1 - - [16/Apr/2026 10:53:48] "[32mPOST /analyze HTTP/1.1[0m" 302 -
2026-04-16 10:53:48,014 - werkzeug - INFO - 127.0.0.1 - - [16/Apr/2026 10:53:48] "[32mGET /results HTTP/1.1[0m" 302 -
2026-04-16 10:53:48,017 - werkzeug - INFO - 127.0.0.1 - - [16/Apr/2026 10:53:48] "GET / HTTP/1.1" 200 -
2026-04-16 10:53:48,040 - werkzeug - INFO - 127.0.0.1 - - [16/Apr/2026 10:53:48] "[36mGET /static/logo.png HTTP/1.1[0m" 304 -
2026-04-16 10:53:51,540 - werkzeug - INFO - 127.0.0.1 - - [16/Apr/2026 10:53:51] "[32mGET /configure HTTP/1.1[0m" 302 -
2026-04-16 10:53:51,544 - werkzeug - INFO - 127.0.0.1 - - [16/Apr/2026 10:53:51] "GET / HTTP/1.1" 200 -
2026-04-16 10:53:57,668 - __main__ - INFO - Archivo 'dea_empleados.csv' cargado. Columnas: ['mes', 'id_empleado', 'nombre', 'rol', 'equipo', 'Costo_laboral_mensual_usd', 'Horas_trabajadas', 'Seniority_index', 'Horas_capacitacion', 'Costo_licencias_asociadas', 'Story_points_entregados', 'Incidentes_resueltos', 'Releases_exitosos', 'Satisfaccion_cliente', 'Calidad_codigo', 'Mentorias_realizadas', 'Output_compuesto']
2026-04-16 10:53:57,670 - werkzeug - INFO - 127.0.0.1 - - [16/Apr/2026 10:53:57] "[32mPOST / HTTP/1.1[0m" 302 -
2026-04-16 10:53:57,674 - werkzeug - INFO - 127.0.0.1 - - [16/Apr/2026 10:53:57] "GET /configure HTTP/1.1" 200 -
2026-04-16 10:53:57,693 - werkzeug - INFO - 127.0.0.1 - - [16/Apr/2026 10:53:57] "[36mGET /static/logo.png HTTP/1.1[0m" 304 -
2026-04-16 10:54:26,022 - __main__ - INFO - Iniciando análisis para el archivo: dea_empleados.csv con config: {'dmu_column': 'nombre', 'input_columns': ['Costo_laboral_mensual_usd', 'Horas_capacitacion'], 'output_columns': ['Story_points_entregados', 'Satisfaccion_cliente', 'Calidad_codigo'], 'undesirable_outputs': [], 'orientation': 'output', 'normalize': False, 'filename': 'dea_empleados.csv'}
2026-04-16 10:54:26,026 - __main__ - INFO - Columnas: DMU='nombre', Inputs=['Costo_laboral_mensual_usd', 'Horas_capacitacion'], Outputs=['Story_points_entregados', 'Satisfaccion_cliente', 'Calidad_codigo'], Undesirable=[]
/Users/alejandrogarro/dea_championsys/dea_logic.py:315: FutureWarning: DataFrame.applymap has been deprecated. Use DataFrame.map instead.
  inputs_df = inputs_df.applymap(lambda x: x if pd.isna(x) or x > 1e-9 else DEA_MIN_POSITIVE_VALUE)
/Users/alejandrogarro/dea_championsys/dea_logic.py:316: FutureWarning: DataFrame.applymap has been deprecated. Use DataFrame.map instead.
  outputs_df = outputs_df.applymap(lambda x: x if pd.isna(x) or x > 1e-9 else DEA_MIN_POSITIVE_VALUE)
2026-04-16 10:54:26,029 - dea_logic - INFO - Asegurando valores > 0 para el solver, usando 1e-05 como mínimo.
/Users/alejandrogarro/dea_championsys/dea_logic.py:221: FutureWarning: DataFrame.applymap has been deprecated. Use DataFrame.map instead.
  inputs_test_df = inputs_test_df.applymap(lambda x: x if pd.isna(x) or x > 1e-9 else DEA_MIN_POSITIVE_VALUE)
/Users/alejandrogarro/dea_championsys/dea_logic.py:222: FutureWarning: DataFrame.applymap has been deprecated. Use DataFrame.map instead.
  outputs_test_df = outputs_test_df.applymap(lambda x: x if pd.isna(x) or x > 1e-9 else DEA_MIN_POSITIVE_VALUE)
2026-04-16 10:54:27,473 - dea_logic - INFO - AutoModel: Mean SE = 0.7931, Std Dev SE = 0.1886
2026-04-16 10:54:27,474 - dea_logic - INFO - Datos para Pyfrontier.fit(): Orient=out, Frontier=VRS, Inputs shape (28, 2), Outputs shape (28, 3)
2026-04-16 10:54:28,178 - dea_logic - INFO - Tipo de raw_result_list_from_pyfrontier: <class 'list'>
2026-04-16 10:54:28,178 - dea_logic - INFO - Pyfrontier devolvió una lista con 28 elementos.
2026-04-16 10:54:28,178 - dea_logic - INFO - Atributos del primer elemento de la lista de resultados: {'id': 0, 'score': 1.0, 'is_efficient': False, 'has_slack': True, 'weights': [1.0, 0.0, 0.0, 0.0, 0.0, 0.0, 0.0, 0.0, 0.0, 0.0, 0.0, 0.0, 0.0, 0.0, 0.0, 0.0, 0.0, 0.0, 0.0, 0.0, 0.0, 0.0, 0.0, 0.0, -0.0, 0.0, 0.0, 0.0], 'x_slack': [1.6244606e-10, -3.9339643e-12], 'y_slack': [0.0, 3.3923975e-13, -2.8070879e-13]}
2026-04-16 10:54:28,178 - dea_logic - INFO - Scores obtenidos y procesados.
2026-04-16 10:54:28,183 - dea_logic - INFO - Análisis DEA y formateo de resultados completados.
2026-04-16 10:54:28,183 - __main__ - INFO - Análisis DEA completado. Modelo: BCC. Resultados (raw JSON) almacenados en sesión.
2026-04-16 10:54:28,184 - werkzeug - INFO - 127.0.0.1 - - [16/Apr/2026 10:54:28] "[32mPOST /analyze HTTP/1.1[0m" 302 -
/Users/alejandrogarro/dea_championsys/app.py:278: FutureWarning: Passing literal json to 'read_json' is deprecated and will be removed in a future version. To read from a literal string, wrap it in a 'StringIO' object.
  'scores_html': pd.read_json(raw_results_from_session['raw_scores_df_json'], orient='split').to_html(classes=table_classes, index=True, border=0, float_format='{:,.4f}'.format),
/Users/alejandrogarro/dea_championsys/app.py:279: FutureWarning: Passing literal json to 'read_json' is deprecated and will be removed in a future version. To read from a literal string, wrap it in a 'StringIO' object.
  'slacks_html': pd.read_json(raw_results_from_session['raw_slacks_df_json'], orient='split').to_html(classes=table_classes, index=True, border=0, float_format='{:,.4f}'.format),
/Users/alejandrogarro/dea_championsys/app.py:280: FutureWarning: Passing literal json to 'read_json' is deprecated and will be removed in a future version. To read from a literal string, wrap it in a 'StringIO' object.
  'targets_html': pd.read_json(raw_results_from_session['raw_targets_df_json'], orient='split').to_html(classes=table_classes, index=True, border=0, float_format='{:,.2f}'.format),
/Users/alejandrogarro/dea_championsys/app.py:281: FutureWarning: Passing literal json to 'read_json' is deprecated and will be removed in a future version. To read from a literal string, wrap it in a 'StringIO' object.
  'lambdas_html': pd.read_json(raw_results_from_session['raw_lambdas_df_json'], orient='split').to_html(classes=table_classes, index=True, border=0, float_format='{:,.4f}'.format),
/Users/alejandrogarro/dea_championsys/app.py:282: FutureWarning: Passing literal json to 'read_json' is deprecated and will be removed in a future version. To read from a literal string, wrap it in a 'StringIO' object.
  'original_inputs_html': pd.read_json(raw_results_from_session['raw_original_inputs_df_json'], orient='split').to_html(classes=table_classes, index=True, border=0, float_format='{:,.4f}'.format),
/Users/alejandrogarro/dea_championsys/app.py:283: FutureWarning: Passing literal json to 'read_json' is deprecated and will be removed in a future version. To read from a literal string, wrap it in a 'StringIO' object.
  'original_outputs_html': pd.read_json(raw_results_from_session['raw_original_outputs_df_json'], orient='split').to_html(classes=table_classes, index=True, border=0, float_format='{:,.4f}'.format),
2026-04-16 10:54:28,201 - werkzeug - INFO - 127.0.0.1 - - [16/Apr/2026 10:54:28] "GET /results HTTP/1.1" 200 -
2026-04-16 10:54:28,228 - werkzeug - INFO - 127.0.0.1 - - [16/Apr/2026 10:54:28] "[36mGET /static/logo.png HTTP/1.1[0m" 304 -
/Users/alejandrogarro/dea_championsys/app.py:305: FutureWarning: Passing literal json to 'read_json' is deprecated and will be removed in a future version. To read from a literal string, wrap it in a 'StringIO' object.
  scores_df = pd.read_json(dea_results_session_raw['raw_scores_df_json'], orient='split')
/Users/alejandrogarro/dea_championsys/app.py:306: FutureWarning: Passing literal json to 'read_json' is deprecated and will be removed in a future version. To read from a literal string, wrap it in a 'StringIO' object.
  inputs_df_graph = pd.read_json(dea_results_session_raw['raw_original_inputs_df_json'], orient='split')
/Users/alejandrogarro/dea_championsys/app.py:307: FutureWarning: Passing literal json to 'read_json' is deprecated and will be removed in a future version. To read from a literal string, wrap it in a 'StringIO' object.
  outputs_df_graph = pd.read_json(dea_results_session_raw['raw_original_outputs_df_json'], orient='split')
2026-04-16 10:54:44,593 - werkzeug - INFO - 127.0.0.1 - - [16/Apr/2026 10:54:44] "GET /graphs HTTP/1.1" 200 -
2026-04-16 10:54:44,617 - werkzeug - INFO - 127.0.0.1 - - [16/Apr/2026 10:54:44] "[36mGET /static/logo.png HTTP/1.1[0m" 304 -
/Users/alejandrogarro/dea_championsys/app.py:305: FutureWarning: Passing literal json to 'read_json' is deprecated and will be removed in a future version. To read from a literal string, wrap it in a 'StringIO' object.
  scores_df = pd.read_json(dea_results_session_raw['raw_scores_df_json'], orient='split')
/Users/alejandrogarro/dea_championsys/app.py:306: FutureWarning: Passing literal json to 'read_json' is deprecated and will be removed in a future version. To read from a literal string, wrap it in a 'StringIO' object.
  inputs_df_graph = pd.read_json(dea_results_session_raw['raw_original_inputs_df_json'], orient='split')
/Users/alejandrogarro/dea_championsys/app.py:307: FutureWarning: Passing literal json to 'read_json' is deprecated and will be removed in a future version. To read from a literal string, wrap it in a 'StringIO' object.
  outputs_df_graph = pd.read_json(dea_results_session_raw['raw_original_outputs_df_json'], orient='split')
/Users/alejandrogarro/dea_championsys/app.py:363: DeprecationWarning: 
Support for Kaleido versions less than 1.0.0 is deprecated and will be removed after September 2025.
Please upgrade Kaleido to version 1.0.0 or greater (`pip install 'kaleido>=1.0.0'` or `pip install 'plotly[kaleido]'`).

  pio.write_image(fig, graph_image_path, width=800, height=600, scale=1.5)
2026-04-16 10:54:54,155 - __main__ - INFO - Gráfica generada y guardada en: static/graph_images/graph_dea_empleados_Costo_laboral_mensual_usd_Calidad_codigo.png
/Users/alejandrogarro/dea_championsys/venv/lib/python3.9/site-packages/werkzeug/sansio/response.py:232: UserWarning: The 'session' cookie is too large: the value was 7359 bytes but the header required 26 extra bytes. The final size was 7385 bytes but the limit is 4093 bytes. Browsers may silently ignore cookies larger than this.
  dump_cookie(
2026-04-16 10:54:54,158 - werkzeug - INFO - 127.0.0.1 - - [16/Apr/2026 10:54:54] "POST /graphs HTTP/1.1" 200 -
2026-04-16 10:54:54,171 - werkzeug - INFO - 127.0.0.1 - - [16/Apr/2026 10:54:54] "[36mGET /static/logo.png HTTP/1.1[0m" 304 -
/Users/alejandrogarro/dea_championsys/app.py:305: FutureWarning: Passing literal json to 'read_json' is deprecated and will be removed in a future version. To read from a literal string, wrap it in a 'StringIO' object.
  scores_df = pd.read_json(dea_results_session_raw['raw_scores_df_json'], orient='split')
/Users/alejandrogarro/dea_championsys/app.py:306: FutureWarning: Passing literal json to 'read_json' is deprecated and will be removed in a future version. To read from a literal string, wrap it in a 'StringIO' object.
  inputs_df_graph = pd.read_json(dea_results_session_raw['raw_original_inputs_df_json'], orient='split')
/Users/alejandrogarro/dea_championsys/app.py:307: FutureWarning: Passing literal json to 'read_json' is deprecated and will be removed in a future version. To read from a literal string, wrap it in a 'StringIO' object.
  outputs_df_graph = pd.read_json(dea_results_session_raw['raw_original_outputs_df_json'], orient='split')
/Users/alejandrogarro/dea_championsys/app.py:363: DeprecationWarning: 
Support for Kaleido versions less than 1.0.0 is deprecated and will be removed after September 2025.
Please upgrade Kaleido to version 1.0.0 or greater (`pip install 'kaleido>=1.0.0'` or `pip install 'plotly[kaleido]'`).

  pio.write_image(fig, graph_image_path, width=800, height=600, scale=1.5)
2026-04-16 10:55:23,791 - __main__ - INFO - Gráfica generada y guardada en: static/graph_images/graph_dea_empleados_Costo_laboral_mensual_usd_Story_points_entregados.png
/Users/alejandrogarro/dea_championsys/venv/lib/python3.9/site-packages/werkzeug/sansio/response.py:232: UserWarning: The 'session' cookie is too large: the value was 7242 bytes but the header required 26 extra bytes. The final size was 7268 bytes but the limit is 4093 bytes. Browsers may silently ignore cookies larger than this.
  dump_cookie(
2026-04-16 10:55:23,792 - werkzeug - INFO - 127.0.0.1 - - [16/Apr/2026 10:55:23] "POST /graphs HTTP/1.1" 200 -
2026-04-16 10:55:23,805 - werkzeug - INFO - 127.0.0.1 - - [16/Apr/2026 10:55:23] "[36mGET /static/logo.png HTTP/1.1[0m" 304 -
/Users/alejandrogarro/dea_championsys/app.py:305: FutureWarning: Passing literal json to 'read_json' is deprecated and will be removed in a future version. To read from a literal string, wrap it in a 'StringIO' object.
  scores_df = pd.read_json(dea_results_session_raw['raw_scores_df_json'], orient='split')
/Users/alejandrogarro/dea_championsys/app.py:306: FutureWarning: Passing literal json to 'read_json' is deprecated and will be removed in a future version. To read from a literal string, wrap it in a 'StringIO' object.
  inputs_df_graph = pd.read_json(dea_results_session_raw['raw_original_inputs_df_json'], orient='split')
/Users/alejandrogarro/dea_championsys/app.py:307: FutureWarning: Passing literal json to 'read_json' is deprecated and will be removed in a future version. To read from a literal string, wrap it in a 'StringIO' object.
  outputs_df_graph = pd.read_json(dea_results_session_raw['raw_original_outputs_df_json'], orient='split')
/Users/alejandrogarro/dea_championsys/app.py:363: DeprecationWarning: 
Support for Kaleido versions less than 1.0.0 is deprecated and will be removed after September 2025.
Please upgrade Kaleido to version 1.0.0 or greater (`pip install 'kaleido>=1.0.0'` or `pip install 'plotly[kaleido]'`).

  pio.write_image(fig, graph_image_path, width=800, height=600, scale=1.5)
2026-04-16 10:55:37,121 - __main__ - INFO - Gráfica generada y guardada en: static/graph_images/graph_dea_empleados_Costo_laboral_mensual_usd_Satisfaccion_cliente.png
/Users/alejandrogarro/dea_championsys/venv/lib/python3.9/site-packages/werkzeug/sansio/response.py:232: UserWarning: The 'session' cookie is too large: the value was 7360 bytes but the header required 26 extra bytes. The final size was 7386 bytes but the limit is 4093 bytes. Browsers may silently ignore cookies larger than this.
  dump_cookie(
2026-04-16 10:55:37,123 - werkzeug - INFO - 127.0.0.1 - - [16/Apr/2026 10:55:37] "POST /graphs HTTP/1.1" 200 -
2026-04-16 10:55:37,137 - werkzeug - INFO - 127.0.0.1 - - [16/Apr/2026 10:55:37] "[36mGET /static/logo.png HTTP/1.1[0m" 304 -
/Users/alejandrogarro/dea_championsys/app.py:305: FutureWarning: Passing literal json to 'read_json' is deprecated and will be removed in a future version. To read from a literal string, wrap it in a 'StringIO' object.
  scores_df = pd.read_json(dea_results_session_raw['raw_scores_df_json'], orient='split')
/Users/alejandrogarro/dea_championsys/app.py:306: FutureWarning: Passing literal json to 'read_json' is deprecated and will be removed in a future version. To read from a literal string, wrap it in a 'StringIO' object.
  inputs_df_graph = pd.read_json(dea_results_session_raw['raw_original_inputs_df_json'], orient='split')
/Users/alejandrogarro/dea_championsys/app.py:307: FutureWarning: Passing literal json to 'read_json' is deprecated and will be removed in a future version. To read from a literal string, wrap it in a 'StringIO' object.
  outputs_df_graph = pd.read_json(dea_results_session_raw['raw_original_outputs_df_json'], orient='split')
/Users/alejandrogarro/dea_championsys/app.py:363: DeprecationWarning: 
Support for Kaleido versions less than 1.0.0 is deprecated and will be removed after September 2025.
Please upgrade Kaleido to version 1.0.0 or greater (`pip install 'kaleido>=1.0.0'` or `pip install 'plotly[kaleido]'`).

  pio.write_image(fig, graph_image_path, width=800, height=600, scale=1.5)
2026-04-16 10:55:55,901 - __main__ - INFO - Gráfica generada y guardada en: static/graph_images/graph_dea_empleados_Horas_capacitacion_Satisfaccion_cliente.png
/Users/alejandrogarro/dea_championsys/venv/lib/python3.9/site-packages/werkzeug/sansio/response.py:232: UserWarning: The 'session' cookie is too large: the value was 7299 bytes but the header required 26 extra bytes. The final size was 7325 bytes but the limit is 4093 bytes. Browsers may silently ignore cookies larger than this.
  dump_cookie(
2026-04-16 10:55:55,902 - werkzeug - INFO - 127.0.0.1 - - [16/Apr/2026 10:55:55] "POST /graphs HTTP/1.1" 200 -
2026-04-16 10:55:55,912 - werkzeug - INFO - 127.0.0.1 - - [16/Apr/2026 10:55:55] "[36mGET /static/logo.png HTTP/1.1[0m" 304 -
/Library/Developer/CommandLineTools/Library/Frameworks/Python3.framework/Versions/3.9/lib/python3.9/multiprocessing/resource_tracker.py:216: UserWarning: resource_tracker: There appear to be 1 leaked semaphore objects to clean up at shutdown
  warnings.warn('resource_tracker: There appear to be %d '
/Library/Developer/CommandLineTools/Library/Frameworks/Python3.framework/Versions/3.9/lib/python3.9/multiprocessing/resource_tracker.py:216: UserWarning: resource_tracker: There appear to be 1 leaked semaphore objects to clean up at shutdown
  warnings.warn('resource_tracker: There appear to be %d '
